Domain Code,Domain,Area Code,Area,Element Code,Element,Item Code,Item,Year Code,Year,Unit,Value,Flag,Flag Description
"FBS","New Food Balances","2","Afghanistan","645","Food supply quantity (kg/capita/yr)","2734","Poultry Meat","2015","2015","kg","1.91","Fc","Calculated data"
"FBS","New Food Balances","2","Afghanistan","645","Food supply quantity (kg/capita/yr)","2734","Poultry Meat","2017","2017","kg","1.53","Fc","Calculated data"
"FBS","New Food Balances","3","Albania","645","Food supply quantity (kg/capita/yr)","2734","Poultry Meat","2015","2015","kg","12.59","Fc","Calculated data"
"FBS","New Food Balances","3","Albania","645","Food supply quantity (kg/capita/yr)","2734","Poultry Meat","2017","2017","kg","16.36","Fc","Calculated data"
"FBS","New Food Balances","4","Algeria","645","Food supply quantity (kg/capita/yr)","2734","Poultry Meat","2015","2015","kg","6.64","Fc","Calculated data"
"FBS","New Food Balances","4","Algeria","645","Food supply quantity (kg/capita/yr)","2734","Poultry Meat","2017","2017","kg","6.38","Fc","Calculated data"
"FBS","New Food Balances","7","Angola","645","Food supply quantity (kg/capita/yr)","2734","Poultry Meat","2015","2015","kg","13.19","Fc","Calculated data"
"FBS","New Food Balances","7","Angola","645","Food supply quantity (kg/capita/yr)","2734","Poultry Meat","2017","2017","kg","10.56","Fc","Calculated data"
"FBS","New Food Balances","8","Antigua and Barbuda","645","Food supply quantity (kg/capita/yr)","2734","Poultry Meat","2015","2015","kg","54.99","Fc","Calculated data"
"FBS","New Food Balances","8","Antigua and Barbuda","645","Food supply quantity (kg/capita/yr)","2734","Poultry Meat","2017","2017","kg","54.1","Fc","Calculated data"
"FBS","New Food Balances","9","Argentina","645","Food supply quantity (kg/capita/yr)","2734","Poultry Meat","2015","2015","kg","42.24","Fc","Calculated data"
"FBS","New Food Balances","9","Argentina","645","Food supply quantity (kg/capita/yr)","2734","Poultry Meat","2017","2017","kg","42.24","Fc","Calculated data"
"FBS","New Food Balances","1","Armenia","645","Food supply quantity (kg/capita/yr)","2734","Poultry Meat","2015","2015","kg","13.11","Fc","Calculated data"
"FBS","New Food Balances","1","Armenia","645","Food supply quantity (kg/capita/yr)","2734","Poultry Meat","2017","2017","kg","16.06","Fc","Calculated data"
"FBS","New Food Balances","10","Australia","645","Food supply quantity (kg/capita/yr)","2734","Poultry Meat","2015","2015","kg","47.21","Fc","Calculated data"
"FBS","New Food Balances","10","Australia","645","Food supply quantity (kg/capita/yr)","2734","Poultry Meat","2017","2017","kg","47.65","Fc","Calculated data"
"FBS","New Food Balances","11","Austria","645","Food supply quantity (kg/capita/yr)","2734","Poultry Meat","2015","2015","kg","18.86","Fc","Calculated data"
"FBS","New Food Balances","11","Austria","645","Food supply quantity (kg/capita/yr)","2734","Poultry Meat","2017","2017","kg","18.2","Fc","Calculated data"
"FBS","New Food Balances","52","Azerbaijan","645","Food supply quantity (kg/capita/yr)","2734","Poultry Meat","2015","2015","kg","11.88","Fc","Calculated data"
"FBS","New Food Balances","52","Azerbaijan","645","Food supply quantity (kg/capita/yr)","2734","Poultry Meat","2017","2017","kg","13.11","Fc","Calculated data"
"FBS","New Food Balances","12","Bahamas","645","Food supply quantity (kg/capita/yr)","2734","Poultry Meat","2015","2015","kg","39.62","Fc","Calculated data"
"FBS","New Food Balances","12","Bahamas","645","Food supply quantity (kg/capita/yr)","2734","Poultry Meat","2017","2017","kg","43.17","Fc","Calculated data"
"FBS","New Food Balances","16","Bangladesh","645","Food supply quantity (kg/capita/yr)","2734","Poultry Meat","2015","2015","kg","1.45","Fc","Calculated data"
"FBS","New Food Balances","16","Bangladesh","645","Food supply quantity (kg/capita/yr)","2734","Poultry Meat","2017","2017","kg","1.5","Fc","Calculated data"
"FBS","New Food Balances","14","Barbados","645","Food supply quantity (kg/capita/yr)","2734","Poultry Meat","2015","2015","kg","50","Fc","Calculated data"
"FBS","New Food Balances","14","Barbados","645","Food supply quantity (kg/capita/yr)","2734","Poultry Meat","2017","2017","kg","46.78","Fc","Calculated data"
"FBS","New Food Balances","57","Belarus","645","Food supply quantity (kg/capita/yr)","2734","Poultry Meat","2015","2015","kg","27.93","Fc","Calculated data"
"FBS","New Food Balances","57","Belarus","645","Food supply quantity (kg/capita/yr)","2734","Poultry Meat","2017","2017","kg","27.98","Fc","Calculated data"
"FBS","New Food Balances","255","Belgium","645","Food supply quantity (kg/capita/yr)","2734","Poultry Meat","2015","2015","kg","11.37","Fc","Calculated data"
"FBS","New Food Balances","255","Belgium","645","Food supply quantity (kg/capita/yr)","2734","Poultry Meat","2017","2017","kg","12.65","Fc","Calculated data"
"FBS","New Food Balances","23","Belize","645","Food supply quantity (kg/capita/yr)","2734","Poultry Meat","2015","2015","kg","25.81","Fc","Calculated data"
"FBS","New Food Balances","23","Belize","645","Food supply quantity (kg/capita/yr)","2734","Poultry Meat","2017","2017","kg","25.69","Fc","Calculated data"
"FBS","New Food Balances","53","Benin","645","Food supply quantity (kg/capita/yr)","2734","Poultry Meat","2015","2015","kg","18.21","Fc","Calculated data"
"FBS","New Food Balances","53","Benin","645","Food supply quantity (kg/capita/yr)","2734","Poultry Meat","2017","2017","kg","14.4","Fc","Calculated data"
"FBS","New Food Balances","19","Bolivia (Plurinational State of)","645","Food supply quantity (kg/capita/yr)","2734","Poultry Meat","2015","2015","kg","35.21","Fc","Calculated data"
"FBS","New Food Balances","19","Bolivia (Plurinational State of)","645","Food supply quantity (kg/capita/yr)","2734","Poultry Meat","2017","2017","kg","36","Fc","Calculated data"
"FBS","New Food Balances","80","Bosnia and Herzegovina","645","Food supply quantity (kg/capita/yr)","2734","Poultry Meat","2015","2015","kg","16.15","Fc","Calculated data"
"FBS","New Food Balances","80","Bosnia and Herzegovina","645","Food supply quantity (kg/capita/yr)","2734","Poultry Meat","2017","2017","kg","16.7","Fc","Calculated data"
"FBS","New Food Balances","20","Botswana","645","Food supply quantity (kg/capita/yr)","2734","Poultry Meat","2015","2015","kg","3.04","Fc","Calculated data"
"FBS","New Food Balances","20","Botswana","645","Food supply quantity (kg/capita/yr)","2734","Poultry Meat","2017","2017","kg","3.39","Fc","Calculated data"
"FBS","New Food Balances","21","Brazil","645","Food supply quantity (kg/capita/yr)","2734","Poultry Meat","2015","2015","kg","46.16","Fc","Calculated data"
"FBS","New Food Balances","21","Brazil","645","Food supply quantity (kg/capita/yr)","2734","Poultry Meat","2017","2017","kg","48.03","Fc","Calculated data"
"FBS","New Food Balances","27","Bulgaria","645","Food supply quantity (kg/capita/yr)","2734","Poultry Meat","2015","2015","kg","21.72","Fc","Calculated data"
"FBS","New Food Balances","27","Bulgaria","645","Food supply quantity (kg/capita/yr)","2734","Poultry Meat","2017","2017","kg","22.06","Fc","Calculated data"
"FBS","New Food Balances","233","Burkina Faso","645","Food supply quantity (kg/capita/yr)","2734","Poultry Meat","2015","2015","kg","2.46","Fc","Calculated data"
"FBS","New Food Balances","233","Burkina Faso","645","Food supply quantity (kg/capita/yr)","2734","Poultry Meat","2017","2017","kg","2.27","Fc","Calculated data"
"FBS","New Food Balances","35","Cabo Verde","645","Food supply quantity (kg/capita/yr)","2734","Poultry Meat","2015","2015","kg","17.39","Fc","Calculated data"
"FBS","New Food Balances","35","Cabo Verde","645","Food supply quantity (kg/capita/yr)","2734","Poultry Meat","2017","2017","kg","17.62","Fc","Calculated data"
"FBS","New Food Balances","115","Cambodia","645","Food supply quantity (kg/capita/yr)","2734","Poultry Meat","2015","2015","kg","1.66","Fc","Calculated data"
"FBS","New Food Balances","115","Cambodia","645","Food supply quantity (kg/capita/yr)","2734","Poultry Meat","2017","2017","kg","2.34","Fc","Calculated data"
"FBS","New Food Balances","32","Cameroon","645","Food supply quantity (kg/capita/yr)","2734","Poultry Meat","2015","2015","kg","3.24","Fc","Calculated data"
"FBS","New Food Balances","32","Cameroon","645","Food supply quantity (kg/capita/yr)","2734","Poultry Meat","2017","2017","kg","3.16","Fc","Calculated data"
"FBS","New Food Balances","33","Canada","645","Food supply quantity (kg/capita/yr)","2734","Poultry Meat","2015","2015","kg","37.88","Fc","Calculated data"
"FBS","New Food Balances","33","Canada","645","Food supply quantity (kg/capita/yr)","2734","Poultry Meat","2017","2017","kg","39.02","Fc","Calculated data"
"FBS","New Food Balances","37","Central African Republic","645","Food supply quantity (kg/capita/yr)","2734","Poultry Meat","2015","2015","kg","1.79","Fc","Calculated data"
"FBS","New Food Balances","37","Central African Republic","645","Food supply quantity (kg/capita/yr)","2734","Poultry Meat","2017","2017","kg","2.29","Fc","Calculated data"
"FBS","New Food Balances","39","Chad","645","Food supply quantity (kg/capita/yr)","2734","Poultry Meat","2015","2015","kg","0.48","Fc","Calculated data"
"FBS","New Food Balances","39","Chad","645","Food supply quantity (kg/capita/yr)","2734","Poultry Meat","2017","2017","kg","0.45","Fc","Calculated data"
"FBS","New Food Balances","40","Chile","645","Food supply quantity (kg/capita/yr)","2734","Poultry Meat","2015","2015","kg","35.72","Fc","Calculated data"
"FBS","New Food Balances","40","Chile","645","Food supply quantity (kg/capita/yr)","2734","Poultry Meat","2017","2017","kg","36.36","Fc","Calculated data"
"FBS","New Food Balances","351","China","645","Food supply quantity (kg/capita/yr)","2734","Poultry Meat","2015","2015","kg","12.27","Fc","Calculated data"
"FBS","New Food Balances","351","China","645","Food supply quantity (kg/capita/yr)","2734","Poultry Meat","2017","2017","kg","12.88","Fc","Calculated data"
"FBS","New Food Balances","96","China, Hong Kong SAR","645","Food supply quantity (kg/capita/yr)","2734","Poultry Meat","2015","2015","kg","39.77","Fc","Calculated data"
"FBS","New Food Balances","96","China, Hong Kong SAR","645","Food supply quantity (kg/capita/yr)","2734","Poultry Meat","2017","2017","kg","53.51","Fc","Calculated data"
"FBS","New Food Balances","128","China, Macao SAR","645","Food supply quantity (kg/capita/yr)","2734","Poultry Meat","2015","2015","kg","34.78","Fc","Calculated data"
"FBS","New Food Balances","128","China, Macao SAR","645","Food supply quantity (kg/capita/yr)","2734","Poultry Meat","2017","2017","kg","34.47","Fc","Calculated data"
"FBS","New Food Balances","41","China, mainland","645","Food supply quantity (kg/capita/yr)","2734","Poultry Meat","2015","2015","kg","11.77","Fc","Calculated data"
"FBS","New Food Balances","41","China, mainland","645","Food supply quantity (kg/capita/yr)","2734","Poultry Meat","2017","2017","kg","12.33","Fc","Calculated data"
"FBS","New Food Balances","214","China, Taiwan Province of","645","Food supply quantity (kg/capita/yr)","2734","Poultry Meat","2015","2015","kg","32.99","Fc","Calculated data"
"FBS","New Food Balances","214","China, Taiwan Province of","645","Food supply quantity (kg/capita/yr)","2734","Poultry Meat","2017","2017","kg","33.17","Fc","Calculated data"
"FBS","New Food Balances","44","Colombia","645","Food supply quantity (kg/capita/yr)","2734","Poultry Meat","2015","2015","kg","29.66","Fc","Calculated data"
"FBS","New Food Balances","44","Colombia","645","Food supply quantity (kg/capita/yr)","2734","Poultry Meat","2017","2017","kg","31.99","Fc","Calculated data"
"FBS","New Food Balances","46","Congo","645","Food supply quantity (kg/capita/yr)","2734","Poultry Meat","2015","2015","kg","24.37","Fc","Calculated data"
"FBS","New Food Balances","46","Congo","645","Food supply quantity (kg/capita/yr)","2734","Poultry Meat","2017","2017","kg","21.53","Fc","Calculated data"
"FBS","New Food Balances","48","Costa Rica","645","Food supply quantity (kg/capita/yr)","2734","Poultry Meat","2015","2015","kg","25.25","Fc","Calculated data"
"FBS","New Food Balances","48","Costa Rica","645","Food supply quantity (kg/capita/yr)","2734","Poultry Meat","2017","2017","kg","26.52","Fc","Calculated data"
"FBS","New Food Balances","107","Côte d'Ivoire","645","Food supply quantity (kg/capita/yr)","2734","Poultry Meat","2015","2015","kg","1.77","Fc","Calculated data"
"FBS","New Food Balances","107","Côte d'Ivoire","645","Food supply quantity (kg/capita/yr)","2734","Poultry Meat","2017","2017","kg","2.53","Fc","Calculated data"
"FBS","New Food Balances","98","Croatia","645","Food supply quantity (kg/capita/yr)","2734","Poultry Meat","2015","2015","kg","8.9","Fc","Calculated data"
"FBS","New Food Balances","98","Croatia","645","Food supply quantity (kg/capita/yr)","2734","Poultry Meat","2017","2017","kg","10.77","Fc","Calculated data"
"FBS","New Food Balances","49","Cuba","645","Food supply quantity (kg/capita/yr)","2734","Poultry Meat","2015","2015","kg","18.87","Fc","Calculated data"
"FBS","New Food Balances","49","Cuba","645","Food supply quantity (kg/capita/yr)","2734","Poultry Meat","2017","2017","kg","23.72","Fc","Calculated data"
"FBS","New Food Balances","50","Cyprus","645","Food supply quantity (kg/capita/yr)","2734","Poultry Meat","2015","2015","kg","24.51","Fc","Calculated data"
"FBS","New Food Balances","50","Cyprus","645","Food supply quantity (kg/capita/yr)","2734","Poultry Meat","2017","2017","kg","25.08","Fc","Calculated data"
"FBS","New Food Balances","167","Czechia","645","Food supply quantity (kg/capita/yr)","2734","Poultry Meat","2015","2015","kg","20.93","Fc","Calculated data"
"FBS","New Food Balances","167","Czechia","645","Food supply quantity (kg/capita/yr)","2734","Poultry Meat","2017","2017","kg","21.96","Fc","Calculated data"
"FBS","New Food Balances","116","Democratic People's Republic of Korea","645","Food supply quantity (kg/capita/yr)","2734","Poultry Meat","2015","2015","kg","1.75","Fc","Calculated data"
"FBS","New Food Balances","116","Democratic People's Republic of Korea","645","Food supply quantity (kg/capita/yr)","2734","Poultry Meat","2017","2017","kg","1.62","Fc","Calculated data"
"FBS","New Food Balances","54","Denmark","645","Food supply quantity (kg/capita/yr)","2734","Poultry Meat","2015","2015","kg","18.36","Fc","Calculated data"
"FBS","New Food Balances","54","Denmark","645","Food supply quantity (kg/capita/yr)","2734","Poultry Meat","2017","2017","kg","28.98","Fc","Calculated data"
"FBS","New Food Balances","72","Djibouti","645","Food supply quantity (kg/capita/yr)","2734","Poultry Meat","2015","2015","kg","2.15","Fc","Calculated data"
"FBS","New Food Balances","72","Djibouti","645","Food supply quantity (kg/capita/yr)","2734","Poultry Meat","2017","2017","kg","2.68","Fc","Calculated data"
"FBS","New Food Balances","55","Dominica","645","Food supply quantity (kg/capita/yr)","2734","Poultry Meat","2015","2015","kg","35.32","Fc","Calculated data"
"FBS","New Food Balances","55","Dominica","645","Food supply quantity (kg/capita/yr)","2734","Poultry Meat","2017","2017","kg","35.19","Fc","Calculated data"
"FBS","New Food Balances","56","Dominican Republic","645","Food supply quantity (kg/capita/yr)","2734","Poultry Meat","2015","2015","kg","33.4","Fc","Calculated data"
"FBS","New Food Balances","56","Dominican Republic","645","Food supply quantity (kg/capita/yr)","2734","Poultry Meat","2017","2017","kg","35.26","Fc","Calculated data"
"FBS","New Food Balances","58","Ecuador","645","Food supply quantity (kg/capita/yr)","2734","Poultry Meat","2015","2015","kg","20.02","Fc","Calculated data"
"FBS","New Food Balances","58","Ecuador","645","Food supply quantity (kg/capita/yr)","2734","Poultry Meat","2017","2017","kg","19.31","Fc","Calculated data"
"FBS","New Food Balances","59","Egypt","645","Food supply quantity (kg/capita/yr)","2734","Poultry Meat","2015","2015","kg","12.5","Fc","Calculated data"
"FBS","New Food Balances","59","Egypt","645","Food supply quantity (kg/capita/yr)","2734","Poultry Meat","2017","2017","kg","12.96","Fc","Calculated data"
"FBS","New Food Balances","60","El Salvador","645","Food supply quantity (kg/capita/yr)","2734","Poultry Meat","2015","2015","kg","19.84","Fc","Calculated data"
"FBS","New Food Balances","60","El Salvador","645","Food supply quantity (kg/capita/yr)","2734","Poultry Meat","2017","2017","kg","20.43","Fc","Calculated data"
"FBS","New Food Balances","63","Estonia","645","Food supply quantity (kg/capita/yr)","2734","Poultry Meat","2015","2015","kg","20.9","Fc","Calculated data"
"FBS","New Food Balances","63","Estonia","645","Food supply quantity (kg/capita/yr)","2734","Poultry Meat","2017","2017","kg","21.26","Fc","Calculated data"
"FBS","New Food Balances","209","Eswatini","645","Food supply quantity (kg/capita/yr)","2734","Poultry Meat","2015","2015","kg","6.69","Fc","Calculated data"
"FBS","New Food Balances","209","Eswatini","645","Food supply quantity (kg/capita/yr)","2734","Poultry Meat","2017","2017","kg","6.46","Fc","Calculated data"
"FBS","New Food Balances","238","Ethiopia","645","Food supply quantity (kg/capita/yr)","2734","Poultry Meat","2015","2015","kg","0.12","Fc","Calculated data"
"FBS","New Food Balances","238","Ethiopia","645","Food supply quantity (kg/capita/yr)","2734","Poultry Meat","2017","2017","kg","0.13","Fc","Calculated data"
"FBS","New Food Balances","66","Fiji","645","Food supply quantity (kg/capita/yr)","2734","Poultry Meat","2015","2015","kg","25.04","Fc","Calculated data"
"FBS","New Food Balances","66","Fiji","645","Food supply quantity (kg/capita/yr)","2734","Poultry Meat","2017","2017","kg","28.02","Fc","Calculated data"
"FBS","New Food Balances","67","Finland","645","Food supply quantity (kg/capita/yr)","2734","Poultry Meat","2015","2015","kg","18.45","Fc","Calculated data"
"FBS","New Food Balances","67","Finland","645","Food supply quantity (kg/capita/yr)","2734","Poultry Meat","2017","2017","kg","18.76","Fc","Calculated data"
"FBS","New Food Balances","68","France","645","Food supply quantity (kg/capita/yr)","2734","Poultry Meat","2015","2015","kg","23.95","Fc","Calculated data"
"FBS","New Food Balances","68","France","645","Food supply quantity (kg/capita/yr)","2734","Poultry Meat","2017","2017","kg","22.9","Fc","Calculated data"
"FBS","New Food Balances","70","French Polynesia","645","Food supply quantity (kg/capita/yr)","2734","Poultry Meat","2015","2015","kg","48.05","Fc","Calculated data"
"FBS","New Food Balances","70","French Polynesia","645","Food supply quantity (kg/capita/yr)","2734","Poultry Meat","2017","2017","kg","47.4","Fc","Calculated data"
"FBS","New Food Balances","74","Gabon","645","Food supply quantity (kg/capita/yr)","2734","Poultry Meat","2015","2015","kg","32.5","Fc","Calculated data"
"FBS","New Food Balances","74","Gabon","645","Food supply quantity (kg/capita/yr)","2734","Poultry Meat","2017","2017","kg","29.33","Fc","Calculated data"
"FBS","New Food Balances","75","Gambia","645","Food supply quantity (kg/capita/yr)","2734","Poultry Meat","2015","2015","kg","3.38","Fc","Calculated data"
"FBS","New Food Balances","75","Gambia","645","Food supply quantity (kg/capita/yr)","2734","Poultry Meat","2017","2017","kg","3.53","Fc","Calculated data"
"FBS","New Food Balances","73","Georgia","645","Food supply quantity (kg/capita/yr)","2734","Poultry Meat","2015","2015","kg","14.53","Fc","Calculated data"
"FBS","New Food Balances","73","Georgia","645","Food supply quantity (kg/capita/yr)","2734","Poultry Meat","2017","2017","kg","15.27","Fc","Calculated data"
"FBS","New Food Balances","79","Germany","645","Food supply quantity (kg/capita/yr)","2734","Poultry Meat","2015","2015","kg","18.49","Fc","Calculated data"
"FBS","New Food Balances","79","Germany","645","Food supply quantity (kg/capita/yr)","2734","Poultry Meat","2017","2017","kg","19.47","Fc","Calculated data"
"FBS","New Food Balances","81","Ghana","645","Food supply quantity (kg/capita/yr)","2734","Poultry Meat","2015","2015","kg","6.33","Fc","Calculated data"
"FBS","New Food Balances","81","Ghana","645","Food supply quantity (kg/capita/yr)","2734","Poultry Meat","2017","2017","kg","7.24","Fc","Calculated data"
"FBS","New Food Balances","84","Greece","645","Food supply quantity (kg/capita/yr)","2734","Poultry Meat","2015","2015","kg","15.14","Fc","Calculated data"
"FBS","New Food Balances","84","Greece","645","Food supply quantity (kg/capita/yr)","2734","Poultry Meat","2017","2017","kg","15.32","Fc","Calculated data"
"FBS","New Food Balances","86","Grenada","645","Food supply quantity (kg/capita/yr)","2734","Poultry Meat","2015","2015","kg","44.3","Fc","Calculated data"
"FBS","New Food Balances","86","Grenada","645","Food supply quantity (kg/capita/yr)","2734","Poultry Meat","2017","2017","kg","45.7","Fc","Calculated data"
"FBS","New Food Balances","89","Guatemala","645","Food supply quantity (kg/capita/yr)","2734","Poultry Meat","2015","2015","kg","20.17","Fc","Calculated data"
"FBS","New Food Balances","89","Guatemala","645","Food supply quantity (kg/capita/yr)","2734","Poultry Meat","2017","2017","kg","20.58","Fc","Calculated data"
"FBS","New Food Balances","90","Guinea","645","Food supply quantity (kg/capita/yr)","2734","Poultry Meat","2015","2015","kg","2.58","Fc","Calculated data"
"FBS","New Food Balances","90","Guinea","645","Food supply quantity (kg/capita/yr)","2734","Poultry Meat","2017","2017","kg","4.08","Fc","Calculated data"
"FBS","New Food Balances","175","Guinea-Bissau","645","Food supply quantity (kg/capita/yr)","2734","Poultry Meat","2015","2015","kg","2.16","Fc","Calculated data"
"FBS","New Food Balances","175","Guinea-Bissau","645","Food supply quantity (kg/capita/yr)","2734","Poultry Meat","2017","2017","kg","2.16","Fc","Calculated data"
"FBS","New Food Balances","91","Guyana","645","Food supply quantity (kg/capita/yr)","2734","Poultry Meat","2015","2015","kg","38.36","Fc","Calculated data"
"FBS","New Food Balances","91","Guyana","645","Food supply quantity (kg/capita/yr)","2734","Poultry Meat","2017","2017","kg","38.34","Fc","Calculated data"
"FBS","New Food Balances","93","Haiti","645","Food supply quantity (kg/capita/yr)","2734","Poultry Meat","2015","2015","kg","7.73","Fc","Calculated data"
"FBS","New Food Balances","93","Haiti","645","Food supply quantity (kg/capita/yr)","2734","Poultry Meat","2017","2017","kg","8.91","Fc","Calculated data"
"FBS","New Food Balances","95","Honduras","645","Food supply quantity (kg/capita/yr)","2734","Poultry Meat","2015","2015","kg","21.49","Fc","Calculated data"
"FBS","New Food Balances","95","Honduras","645","Food supply quantity (kg/capita/yr)","2734","Poultry Meat","2017","2017","kg","21.73","Fc","Calculated data"
"FBS","New Food Balances","97","Hungary","645","Food supply quantity (kg/capita/yr)","2734","Poultry Meat","2015","2015","kg","24.82","Fc","Calculated data"
"FBS","New Food Balances","97","Hungary","645","Food supply quantity (kg/capita/yr)","2734","Poultry Meat","2017","2017","kg","25.27","Fc","Calculated data"
"FBS","New Food Balances","99","Iceland","645","Food supply quantity (kg/capita/yr)","2734","Poultry Meat","2015","2015","kg","27.66","Fc","Calculated data"
"FBS","New Food Balances","99","Iceland","645","Food supply quantity (kg/capita/yr)","2734","Poultry Meat","2017","2017","kg","29.95","Fc","Calculated data"
"FBS","New Food Balances","100","India","645","Food supply quantity (kg/capita/yr)","2734","Poultry Meat","2015","2015","kg","2.1","Fc","Calculated data"
"FBS","New Food Balances","100","India","645","Food supply quantity (kg/capita/yr)","2734","Poultry Meat","2017","2017","kg","2.22","Fc","Calculated data"
"FBS","New Food Balances","101","Indonesia","645","Food supply quantity (kg/capita/yr)","2734","Poultry Meat","2015","2015","kg","6.62","Fc","Calculated data"
"FBS","New Food Balances","101","Indonesia","645","Food supply quantity (kg/capita/yr)","2734","Poultry Meat","2017","2017","kg","7.19","Fc","Calculated data"
"FBS","New Food Balances","102","Iran (Islamic Republic of)","645","Food supply quantity (kg/capita/yr)","2734","Poultry Meat","2015","2015","kg","25.49","Fc","Calculated data"
"FBS","New Food Balances","102","Iran (Islamic Republic of)","645","Food supply quantity (kg/capita/yr)","2734","Poultry Meat","2017","2017","kg","27.52","Fc","Calculated data"
"FBS","New Food Balances","103","Iraq","645","Food supply quantity (kg/capita/yr)","2734","Poultry Meat","2015","2015","kg","12.37","Fc","Calculated data"
"FBS","New Food Balances","103","Iraq","645","Food supply quantity (kg/capita/yr)","2734","Poultry Meat","2017","2017","kg","14.95","Fc","Calculated data"
"FBS","New Food Balances","104","Ireland","645","Food supply quantity (kg/capita/yr)","2734","Poultry Meat","2015","2015","kg","26.48","Fc","Calculated data"
"FBS","New Food Balances","104","Ireland","645","Food supply quantity (kg/capita/yr)","2734","Poultry Meat","2017","2017","kg","25.82","Fc","Calculated data"
"FBS","New Food Balances","105","Israel","645","Food supply quantity (kg/capita/yr)","2734","Poultry Meat","2015","2015","kg","66.62","Fc","Calculated data"
"FBS","New Food Balances","105","Israel","645","Food supply quantity (kg/capita/yr)","2734","Poultry Meat","2017","2017","kg","67.39","Fc","Calculated data"
"FBS","New Food Balances","106","Italy","645","Food supply quantity (kg/capita/yr)","2734","Poultry Meat","2015","2015","kg","18.52","Fc","Calculated data"
"FBS","New Food Balances","106","Italy","645","Food supply quantity (kg/capita/yr)","2734","Poultry Meat","2017","2017","kg","18.88","Fc","Calculated data"
"FBS","New Food Balances","109","Jamaica","645","Food supply quantity (kg/capita/yr)","2734","Poultry Meat","2015","2015","kg","52.44","Fc","Calculated data"
"FBS","New Food Balances","109","Jamaica","645","Food supply quantity (kg/capita/yr)","2734","Poultry Meat","2017","2017","kg","51.1","Fc","Calculated data"
"FBS","New Food Balances","110","Japan","645","Food supply quantity (kg/capita/yr)","2734","Poultry Meat","2015","2015","kg","17.68","Fc","Calculated data"
"FBS","New Food Balances","110","Japan","645","Food supply quantity (kg/capita/yr)","2734","Poultry Meat","2017","2017","kg","18.5","Fc","Calculated data"
"FBS","New Food Balances","112","Jordan","645","Food supply quantity (kg/capita/yr)","2734","Poultry Meat","2015","2015","kg","28.1","Fc","Calculated data"
"FBS","New Food Balances","112","Jordan","645","Food supply quantity (kg/capita/yr)","2734","Poultry Meat","2017","2017","kg","28.07","Fc","Calculated data"
"FBS","New Food Balances","108","Kazakhstan","645","Food supply quantity (kg/capita/yr)","2734","Poultry Meat","2015","2015","kg","18.01","Fc","Calculated data"
"FBS","New Food Balances","108","Kazakhstan","645","Food supply quantity (kg/capita/yr)","2734","Poultry Meat","2017","2017","kg","18.27","Fc","Calculated data"
"FBS","New Food Balances","114","Kenya","645","Food supply quantity (kg/capita/yr)","2734","Poultry Meat","2015","2015","kg","0.61","Fc","Calculated data"
"FBS","New Food Balances","114","Kenya","645","Food supply quantity (kg/capita/yr)","2734","Poultry Meat","2017","2017","kg","0.67","Fc","Calculated data"
"FBS","New Food Balances","83","Kiribati","645","Food supply quantity (kg/capita/yr)","2734","Poultry Meat","2015","2015","kg","15.53","Fc","Calculated data"
"FBS","New Food Balances","83","Kiribati","645","Food supply quantity (kg/capita/yr)","2734","Poultry Meat","2017","2017","kg","17.98","Fc","Calculated data"
"FBS","New Food Balances","118","Kuwait","645","Food supply quantity (kg/capita/yr)","2734","Poultry Meat","2015","2015","kg","46.91","Fc","Calculated data"
"FBS","New Food Balances","118","Kuwait","645","Food supply quantity (kg/capita/yr)","2734","Poultry Meat","2017","2017","kg","46.25","Fc","Calculated data"
"FBS","New Food Balances","113","Kyrgyzstan","645","Food supply quantity (kg/capita/yr)","2734","Poultry Meat","2015","2015","kg","3.7","Fc","Calculated data"
"FBS","New Food Balances","113","Kyrgyzstan","645","Food supply quantity (kg/capita/yr)","2734","Poultry Meat","2017","2017","kg","3.1","Fc","Calculated data"
"FBS","New Food Balances","120","Lao People's Democratic Republic","645","Food supply quantity (kg/capita/yr)","2734","Poultry Meat","2015","2015","kg","5.14","Fc","Calculated data"
"FBS","New Food Balances","120","Lao People's Democratic Republic","645","Food supply quantity (kg/capita/yr)","2734","Poultry Meat","2017","2017","kg","10.91","Fc","Calculated data"
"FBS","New Food Balances","119","Latvia","645","Food supply quantity (kg/capita/yr)","2734","Poultry Meat","2015","2015","kg","20.32","Fc","Calculated data"
"FBS","New Food Balances","119","Latvia","645","Food supply quantity (kg/capita/yr)","2734","Poultry Meat","2017","2017","kg","20.89","Fc","Calculated data"
"FBS","New Food Balances","121","Lebanon","645","Food supply quantity (kg/capita/yr)","2734","Poultry Meat","2015","2015","kg","12.9","Fc","Calculated data"
"FBS","New Food Balances","121","Lebanon","645","Food supply quantity (kg/capita/yr)","2734","Poultry Meat","2017","2017","kg","10.74","Fc","Calculated data"
"FBS","New Food Balances","122","Lesotho","645","Food supply quantity (kg/capita/yr)","2734","Poultry Meat","2015","2015","kg","9.22","Fc","Calculated data"
"FBS","New Food Balances","122","Lesotho","645","Food supply quantity (kg/capita/yr)","2734","Poultry Meat","2017","2017","kg","7.93","Fc","Calculated data"
"FBS","New Food Balances","123","Liberia","645","Food supply quantity (kg/capita/yr)","2734","Poultry Meat","2015","2015","kg","10.8","Fc","Calculated data"
"FBS","New Food Balances","123","Liberia","645","Food supply quantity (kg/capita/yr)","2734","Poultry Meat","2017","2017","kg","10.67","Fc","Calculated data"
"FBS","New Food Balances","126","Lithuania","645","Food supply quantity (kg/capita/yr)","2734","Poultry Meat","2015","2015","kg","26.65","Fc","Calculated data"
"FBS","New Food Balances","126","Lithuania","645","Food supply quantity (kg/capita/yr)","2734","Poultry Meat","2017","2017","kg","28.19","Fc","Calculated data"
"FBS","New Food Balances","256","Luxembourg","645","Food supply quantity (kg/capita/yr)","2734","Poultry Meat","2015","2015","kg","18.09","Fc","Calculated data"
"FBS","New Food Balances","256","Luxembourg","645","Food supply quantity (kg/capita/yr)","2734","Poultry Meat","2017","2017","kg","18.33","Fc","Calculated data"
"FBS","New Food Balances","129","Madagascar","645","Food supply quantity (kg/capita/yr)","2734","Poultry Meat","2015","2015","kg","2.78","Fc","Calculated data"
"FBS","New Food Balances","129","Madagascar","645","Food supply quantity (kg/capita/yr)","2734","Poultry Meat","2017","2017","kg","2.87","Fc","Calculated data"
"FBS","New Food Balances","130","Malawi","645","Food supply quantity (kg/capita/yr)","2734","Poultry Meat","2015","2015","kg","4.12","Fc","Calculated data"
"FBS","New Food Balances","130","Malawi","645","Food supply quantity (kg/capita/yr)","2734","Poultry Meat","2017","2017","kg","5.17","Fc","Calculated data"
"FBS","New Food Balances","131","Malaysia","645","Food supply quantity (kg/capita/yr)","2734","Poultry Meat","2015","2015","kg","41.65","Fc","Calculated data"
"FBS","New Food Balances","131","Malaysia","645","Food supply quantity (kg/capita/yr)","2734","Poultry Meat","2017","2017","kg","39.21","Fc","Calculated data"
"FBS","New Food Balances","132","Maldives","645","Food supply quantity (kg/capita/yr)","2734","Poultry Meat","2015","2015","kg","13.25","Fc","Calculated data"
"FBS","New Food Balances","132","Maldives","645","Food supply quantity (kg/capita/yr)","2734","Poultry Meat","2017","2017","kg","13.5","Fc","Calculated data"
"FBS","New Food Balances","133","Mali","645","Food supply quantity (kg/capita/yr)","2734","Poultry Meat","2015","2015","kg","2.6","Fc","Calculated data"
"FBS","New Food Balances","133","Mali","645","Food supply quantity (kg/capita/yr)","2734","Poultry Meat","2017","2017","kg","2.83","Fc","Calculated data"
"FBS","New Food Balances","134","Malta","645","Food supply quantity (kg/capita/yr)","2734","Poultry Meat","2015","2015","kg","25.43","Fc","Calculated data"
"FBS","New Food Balances","134","Malta","645","Food supply quantity (kg/capita/yr)","2734","Poultry Meat","2017","2017","kg","27.17","Fc","Calculated data"
"FBS","New Food Balances","136","Mauritania","645","Food supply quantity (kg/capita/yr)","2734","Poultry Meat","2015","2015","kg","5.18","Fc","Calculated data"
"FBS","New Food Balances","136","Mauritania","645","Food supply quantity (kg/capita/yr)","2734","Poultry Meat","2017","2017","kg","5.14","Fc","Calculated data"
"FBS","New Food Balances","137","Mauritius","645","Food supply quantity (kg/capita/yr)","2734","Poultry Meat","2015","2015","kg","39.02","Fc","Calculated data"
"FBS","New Food Balances","137","Mauritius","645","Food supply quantity (kg/capita/yr)","2734","Poultry Meat","2017","2017","kg","37.93","Fc","Calculated data"
"FBS","New Food Balances","138","Mexico","645","Food supply quantity (kg/capita/yr)","2734","Poultry Meat","2015","2015","kg","30.99","Fc","Calculated data"
"FBS","New Food Balances","138","Mexico","645","Food supply quantity (kg/capita/yr)","2734","Poultry Meat","2017","2017","kg","32.52","Fc","Calculated data"
"FBS","New Food Balances","141","Mongolia","645","Food supply quantity (kg/capita/yr)","2734","Poultry Meat","2015","2015","kg","2.69","Fc","Calculated data"
"FBS","New Food Balances","141","Mongolia","645","Food supply quantity (kg/capita/yr)","2734","Poultry Meat","2017","2017","kg","2.77","Fc","Calculated data"
"FBS","New Food Balances","273","Montenegro","645","Food supply quantity (kg/capita/yr)","2734","Poultry Meat","2015","2015","kg","15.23","Fc","Calculated data"
"FBS","New Food Balances","273","Montenegro","645","Food supply quantity (kg/capita/yr)","2734","Poultry Meat","2017","2017","kg","15.98","Fc","Calculated data"
"FBS","New Food Balances","143","Morocco","645","Food supply quantity (kg/capita/yr)","2734","Poultry Meat","2015","2015","kg","20.2","Fc","Calculated data"
"FBS","New Food Balances","143","Morocco","645","Food supply quantity (kg/capita/yr)","2734","Poultry Meat","2017","2017","kg","20.96","Fc","Calculated data"
"FBS","New Food Balances","144","Mozambique","645","Food supply quantity (kg/capita/yr)","2734","Poultry Meat","2015","2015","kg","3.38","Fc","Calculated data"
"FBS","New Food Balances","144","Mozambique","645","Food supply quantity (kg/capita/yr)","2734","Poultry Meat","2017","2017","kg","3.59","Fc","Calculated data"
"FBS","New Food Balances","28","Myanmar","645","Food supply quantity (kg/capita/yr)","2734","Poultry Meat","2015","2015","kg","30.5","Fc","Calculated data"
"FBS","New Food Balances","28","Myanmar","645","Food supply quantity (kg/capita/yr)","2734","Poultry Meat","2017","2017","kg","30.37","Fc","Calculated data"
"FBS","New Food Balances","147","Namibia","645","Food supply quantity (kg/capita/yr)","2734","Poultry Meat","2015","2015","kg","10.9","Fc","Calculated data"
"FBS","New Food Balances","147","Namibia","645","Food supply quantity (kg/capita/yr)","2734","Poultry Meat","2017","2017","kg","11.53","Fc","Calculated data"
"FBS","New Food Balances","149","Nepal","645","Food supply quantity (kg/capita/yr)","2734","Poultry Meat","2015","2015","kg","1.61","Fc","Calculated data"
"FBS","New Food Balances","149","Nepal","645","Food supply quantity (kg/capita/yr)","2734","Poultry Meat","2017","2017","kg","1.99","Fc","Calculated data"
"FBS","New Food Balances","150","Netherlands","645","Food supply quantity (kg/capita/yr)","2734","Poultry Meat","2015","2015","kg","22.08","Fc","Calculated data"
"FBS","New Food Balances","150","Netherlands","645","Food supply quantity (kg/capita/yr)","2734","Poultry Meat","2017","2017","kg","20.33","Fc","Calculated data"
"FBS","New Food Balances","153","New Caledonia","645","Food supply quantity (kg/capita/yr)","2734","Poultry Meat","2015","2015","kg","40.22","Fc","Calculated data"
"FBS","New Food Balances","153","New Caledonia","645","Food supply quantity (kg/capita/yr)","2734","Poultry Meat","2017","2017","kg","38.71","Fc","Calculated data"
"FBS","New Food Balances","156","New Zealand","645","Food supply quantity (kg/capita/yr)","2734","Poultry Meat","2015","2015","kg","34.36","Fc","Calculated data"
"FBS","New Food Balances","156","New Zealand","645","Food supply quantity (kg/capita/yr)","2734","Poultry Meat","2017","2017","kg","34.79","Fc","Calculated data"
"FBS","New Food Balances","157","Nicaragua","645","Food supply quantity (kg/capita/yr)","2734","Poultry Meat","2015","2015","kg","20.26","Fc","Calculated data"
"FBS","New Food Balances","157","Nicaragua","645","Food supply quantity (kg/capita/yr)","2734","Poultry Meat","2017","2017","kg","21.59","Fc","Calculated data"
"FBS","New Food Balances","158","Niger","645","Food supply quantity (kg/capita/yr)","2734","Poultry Meat","2015","2015","kg","1.23","Fc","Calculated data"
"FBS","New Food Balances","158","Niger","645","Food supply quantity (kg/capita/yr)","2734","Poultry Meat","2017","2017","kg","0.94","Fc","Calculated data"
"FBS","New Food Balances","159","Nigeria","645","Food supply quantity (kg/capita/yr)","2734","Poultry Meat","2015","2015","kg","1.08","Fc","Calculated data"
"FBS","New Food Balances","159","Nigeria","645","Food supply quantity (kg/capita/yr)","2734","Poultry Meat","2017","2017","kg","1.01","Fc","Calculated data"
"FBS","New Food Balances","154","North Macedonia","645","Food supply quantity (kg/capita/yr)","2734","Poultry Meat","2015","2015","kg","18.72","Fc","Calculated data"
"FBS","New Food Balances","154","North Macedonia","645","Food supply quantity (kg/capita/yr)","2734","Poultry Meat","2017","2017","kg","19.73","Fc","Calculated data"
"FBS","New Food Balances","162","Norway","645","Food supply quantity (kg/capita/yr)","2734","Poultry Meat","2015","2015","kg","18.9","Fc","Calculated data"
"FBS","New Food Balances","162","Norway","645","Food supply quantity (kg/capita/yr)","2734","Poultry Meat","2017","2017","kg","19.05","Fc","Calculated data"
"FBS","New Food Balances","221","Oman","645","Food supply quantity (kg/capita/yr)","2734","Poultry Meat","2015","2015","kg","22.52","Fc","Calculated data"
"FBS","New Food Balances","221","Oman","645","Food supply quantity (kg/capita/yr)","2734","Poultry Meat","2017","2017","kg","21.63","Fc","Calculated data"
"FBS","New Food Balances","165","Pakistan","645","Food supply quantity (kg/capita/yr)","2734","Poultry Meat","2015","2015","kg","5.15","Fc","Calculated data"
"FBS","New Food Balances","165","Pakistan","645","Food supply quantity (kg/capita/yr)","2734","Poultry Meat","2017","2017","kg","5.86","Fc","Calculated data"
"FBS","New Food Balances","166","Panama","645","Food supply quantity (kg/capita/yr)","2734","Poultry Meat","2015","2015","kg","32.53","Fc","Calculated data"
"FBS","New Food Balances","166","Panama","645","Food supply quantity (kg/capita/yr)","2734","Poultry Meat","2017","2017","kg","33.82","Fc","Calculated data"
"FBS","New Food Balances","169","Paraguay","645","Food supply quantity (kg/capita/yr)","2734","Poultry Meat","2015","2015","kg","7.15","Fc","Calculated data"
"FBS","New Food Balances","169","Paraguay","645","Food supply quantity (kg/capita/yr)","2734","Poultry Meat","2017","2017","kg","5.99","Fc","Calculated data"
"FBS","New Food Balances","170","Peru","645","Food supply quantity (kg/capita/yr)","2734","Poultry Meat","2015","2015","kg","12.69","Fc","Calculated data"
"FBS","New Food Balances","170","Peru","645","Food supply quantity (kg/capita/yr)","2734","Poultry Meat","2017","2017","kg","13.47","Fc","Calculated data"
"FBS","New Food Balances","171","Philippines","645","Food supply quantity (kg/capita/yr)","2734","Poultry Meat","2015","2015","kg","13.04","Fc","Calculated data"
"FBS","New Food Balances","171","Philippines","645","Food supply quantity (kg/capita/yr)","2734","Poultry Meat","2017","2017","kg","13.87","Fc","Calculated data"
"FBS","New Food Balances","173","Poland","645","Food supply quantity (kg/capita/yr)","2734","Poultry Meat","2015","2015","kg","28.23","Fc","Calculated data"
"FBS","New Food Balances","173","Poland","645","Food supply quantity (kg/capita/yr)","2734","Poultry Meat","2017","2017","kg","30.3","Fc","Calculated data"
"FBS","New Food Balances","174","Portugal","645","Food supply quantity (kg/capita/yr)","2734","Poultry Meat","2015","2015","kg","29.86","Fc","Calculated data"
"FBS","New Food Balances","174","Portugal","645","Food supply quantity (kg/capita/yr)","2734","Poultry Meat","2017","2017","kg","30.58","Fc","Calculated data"
"FBS","New Food Balances","117","Republic of Korea","645","Food supply quantity (kg/capita/yr)","2734","Poultry Meat","2015","2015","kg","16.33","Fc","Calculated data"
"FBS","New Food Balances","117","Republic of Korea","645","Food supply quantity (kg/capita/yr)","2734","Poultry Meat","2017","2017","kg","16.7","Fc","Calculated data"
"FBS","New Food Balances","146","Republic of Moldova","645","Food supply quantity (kg/capita/yr)","2734","Poultry Meat","2015","2015","kg","15.25","Fc","Calculated data"
"FBS","New Food Balances","146","Republic of Moldova","645","Food supply quantity (kg/capita/yr)","2734","Poultry Meat","2017","2017","kg","16.14","Fc","Calculated data"
"FBS","New Food Balances","183","Romania","645","Food supply quantity (kg/capita/yr)","2734","Poultry Meat","2015","2015","kg","17.83","Fc","Calculated data"
"FBS","New Food Balances","183","Romania","645","Food supply quantity (kg/capita/yr)","2734","Poultry Meat","2017","2017","kg","19.37","Fc","Calculated data"
"FBS","New Food Balances","185","Russian Federation","645","Food supply quantity (kg/capita/yr)","2734","Poultry Meat","2015","2015","kg","29.57","Fc","Calculated data"
"FBS","New Food Balances","185","Russian Federation","645","Food supply quantity (kg/capita/yr)","2734","Poultry Meat","2017","2017","kg","30.98","Fc","Calculated data"
"FBS","New Food Balances","184","Rwanda","645","Food supply quantity (kg/capita/yr)","2734","Poultry Meat","2015","2015","kg","1.34","Fc","Calculated data"
"FBS","New Food Balances","184","Rwanda","645","Food supply quantity (kg/capita/yr)","2734","Poultry Meat","2017","2017","kg","1.49","Fc","Calculated data"
"FBS","New Food Balances","188","Saint Kitts and Nevis","645","Food supply quantity (kg/capita/yr)","2734","Poultry Meat","2015","2015","kg","58.69","Fc","Calculated data"
"FBS","New Food Balances","188","Saint Kitts and Nevis","645","Food supply quantity (kg/capita/yr)","2734","Poultry Meat","2017","2017","kg","55.77","Fc","Calculated data"
"FBS","New Food Balances","189","Saint Lucia","645","Food supply quantity (kg/capita/yr)","2734","Poultry Meat","2015","2015","kg","64","Fc","Calculated data"
"FBS","New Food Balances","189","Saint Lucia","645","Food supply quantity (kg/capita/yr)","2734","Poultry Meat","2017","2017","kg","56.69","Fc","Calculated data"
"FBS","New Food Balances","191","Saint Vincent and the Grenadines","645","Food supply quantity (kg/capita/yr)","2734","Poultry Meat","2015","2015","kg","72.84","Fc","Calculated data"
"FBS","New Food Balances","191","Saint Vincent and the Grenadines","645","Food supply quantity (kg/capita/yr)","2734","Poultry Meat","2017","2017","kg","72.31","Fc","Calculated data"
"FBS","New Food Balances","244","Samoa","645","Food supply quantity (kg/capita/yr)","2734","Poultry Meat","2015","2015","kg","63.43","Fc","Calculated data"
"FBS","New Food Balances","244","Samoa","645","Food supply quantity (kg/capita/yr)","2734","Poultry Meat","2017","2017","kg","64.77","Fc","Calculated data"
"FBS","New Food Balances","193","Sao Tome and Principe","645","Food supply quantity (kg/capita/yr)","2734","Poultry Meat","2015","2015","kg","9.85","Fc","Calculated data"
"FBS","New Food Balances","193","Sao Tome and Principe","645","Food supply quantity (kg/capita/yr)","2734","Poultry Meat","2017","2017","kg","9.47","Fc","Calculated data"
"FBS","New Food Balances","194","Saudi Arabia","645","Food supply quantity (kg/capita/yr)","2734","Poultry Meat","2015","2015","kg","44.67","Fc","Calculated data"
"FBS","New Food Balances","194","Saudi Arabia","645","Food supply quantity (kg/capita/yr)","2734","Poultry Meat","2017","2017","kg","43.36","Fc","Calculated data"
"FBS","New Food Balances","195","Senegal","645","Food supply quantity (kg/capita/yr)","2734","Poultry Meat","2015","2015","kg","4.45","Fc","Calculated data"
"FBS","New Food Balances","195","Senegal","645","Food supply quantity (kg/capita/yr)","2734","Poultry Meat","2017","2017","kg","4.76","Fc","Calculated data"
"FBS","New Food Balances","272","Serbia","645","Food supply quantity (kg/capita/yr)","2734","Poultry Meat","2015","2015","kg","10.51","Fc","Calculated data"
"FBS","New Food Balances","272","Serbia","645","Food supply quantity (kg/capita/yr)","2734","Poultry Meat","2017","2017","kg","10.16","Fc","Calculated data"
"FBS","New Food Balances","197","Sierra Leone","645","Food supply quantity (kg/capita/yr)","2734","Poultry Meat","2015","2015","kg","4.62","Fc","Calculated data"
"FBS","New Food Balances","197","Sierra Leone","645","Food supply quantity (kg/capita/yr)","2734","Poultry Meat","2017","2017","kg","3.97","Fc","Calculated data"
"FBS","New Food Balances","199","Slovakia","645","Food supply quantity (kg/capita/yr)","2734","Poultry Meat","2015","2015","kg","13.64","Fc","Calculated data"
"FBS","New Food Balances","199","Slovakia","645","Food supply quantity (kg/capita/yr)","2734","Poultry Meat","2017","2017","kg","13.9","Fc","Calculated data"
"FBS","New Food Balances","198","Slovenia","645","Food supply quantity (kg/capita/yr)","2734","Poultry Meat","2015","2015","kg","23.97","Fc","Calculated data"
"FBS","New Food Balances","198","Slovenia","645","Food supply quantity (kg/capita/yr)","2734","Poultry Meat","2017","2017","kg","24.41","Fc","Calculated data"
"FBS","New Food Balances","25","Solomon Islands","645","Food supply quantity (kg/capita/yr)","2734","Poultry Meat","2015","2015","kg","4.81","Fc","Calculated data"
"FBS","New Food Balances","25","Solomon Islands","645","Food supply quantity (kg/capita/yr)","2734","Poultry Meat","2017","2017","kg","4.45","Fc","Calculated data"
"FBS","New Food Balances","202","South Africa","645","Food supply quantity (kg/capita/yr)","2734","Poultry Meat","2015","2015","kg","34.53","Fc","Calculated data"
"FBS","New Food Balances","202","South Africa","645","Food supply quantity (kg/capita/yr)","2734","Poultry Meat","2017","2017","kg","35.69","Fc","Calculated data"
"FBS","New Food Balances","203","Spain","645","Food supply quantity (kg/capita/yr)","2734","Poultry Meat","2015","2015","kg","29.36","Fc","Calculated data"
"FBS","New Food Balances","203","Spain","645","Food supply quantity (kg/capita/yr)","2734","Poultry Meat","2017","2017","kg","30.39","Fc","Calculated data"
"FBS","New Food Balances","38","Sri Lanka","645","Food supply quantity (kg/capita/yr)","2734","Poultry Meat","2015","2015","kg","6.79","Fc","Calculated data"
"FBS","New Food Balances","38","Sri Lanka","645","Food supply quantity (kg/capita/yr)","2734","Poultry Meat","2017","2017","kg","7.78","Fc","Calculated data"
"FBS","New Food Balances","276","Sudan","645","Food supply quantity (kg/capita/yr)","2734","Poultry Meat","2015","2015","kg","1.56","Fc","Calculated data"
"FBS","New Food Balances","276","Sudan","645","Food supply quantity (kg/capita/yr)","2734","Poultry Meat","2017","2017","kg","1.6","Fc","Calculated data"
"FBS","New Food Balances","207","Suriname","645","Food supply quantity (kg/capita/yr)","2734","Poultry Meat","2015","2015","kg","34.56","Fc","Calculated data"
"FBS","New Food Balances","207","Suriname","645","Food supply quantity (kg/capita/yr)","2734","Poultry Meat","2017","2017","kg","31.06","Fc","Calculated data"
"FBS","New Food Balances","210","Sweden","645","Food supply quantity (kg/capita/yr)","2734","Poultry Meat","2015","2015","kg","16.49","Fc","Calculated data"
"FBS","New Food Balances","210","Sweden","645","Food supply quantity (kg/capita/yr)","2734","Poultry Meat","2017","2017","kg","16.6","Fc","Calculated data"
"FBS","New Food Balances","211","Switzerland","645","Food supply quantity (kg/capita/yr)","2734","Poultry Meat","2015","2015","kg","15.84","Fc","Calculated data"
"FBS","New Food Balances","211","Switzerland","645","Food supply quantity (kg/capita/yr)","2734","Poultry Meat","2017","2017","kg","15.72","Fc","Calculated data"
"FBS","New Food Balances","208","Tajikistan","645","Food supply quantity (kg/capita/yr)","2734","Poultry Meat","2015","2015","kg","4.29","Fc","Calculated data"
"FBS","New Food Balances","208","Tajikistan","645","Food supply quantity (kg/capita/yr)","2734","Poultry Meat","2017","2017","kg","4.45","Fc","Calculated data"
"FBS","New Food Balances","216","Thailand","645","Food supply quantity (kg/capita/yr)","2734","Poultry Meat","2015","2015","kg","13.25","Fc","Calculated data"
"FBS","New Food Balances","216","Thailand","645","Food supply quantity (kg/capita/yr)","2734","Poultry Meat","2017","2017","kg","12.95","Fc","Calculated data"
"FBS","New Food Balances","176","Timor-Leste","645","Food supply quantity (kg/capita/yr)","2734","Poultry Meat","2015","2015","kg","4.32","Fc","Calculated data"
"FBS","New Food Balances","176","Timor-Leste","645","Food supply quantity (kg/capita/yr)","2734","Poultry Meat","2017","2017","kg","4.24","Fc","Calculated data"
"FBS","New Food Balances","217","Togo","645","Food supply quantity (kg/capita/yr)","2734","Poultry Meat","2015","2015","kg","6.78","Fc","Calculated data"
"FBS","New Food Balances","217","Togo","645","Food supply quantity (kg/capita/yr)","2734","Poultry Meat","2017","2017","kg","7.06","Fc","Calculated data"
"FBS","New Food Balances","220","Trinidad and Tobago","645","Food supply quantity (kg/capita/yr)","2734","Poultry Meat","2015","2015","kg","56.5","Fc","Calculated data"
"FBS","New Food Balances","220","Trinidad and Tobago","645","Food supply quantity (kg/capita/yr)","2734","Poultry Meat","2017","2017","kg","54.54","Fc","Calculated data"
"FBS","New Food Balances","222","Tunisia","645","Food supply quantity (kg/capita/yr)","2734","Poultry Meat","2015","2015","kg","16.95","Fc","Calculated data"
"FBS","New Food Balances","222","Tunisia","645","Food supply quantity (kg/capita/yr)","2734","Poultry Meat","2017","2017","kg","17.03","Fc","Calculated data"
"FBS","New Food Balances","223","Turkey","645","Food supply quantity (kg/capita/yr)","2734","Poultry Meat","2015","2015","kg","19.72","Fc","Calculated data"
"FBS","New Food Balances","223","Turkey","645","Food supply quantity (kg/capita/yr)","2734","Poultry Meat","2017","2017","kg","20.64","Fc","Calculated data"
"FBS","New Food Balances","213","Turkmenistan","645","Food supply quantity (kg/capita/yr)","2734","Poultry Meat","2015","2015","kg","4.32","Fc","Calculated data"
"FBS","New Food Balances","213","Turkmenistan","645","Food supply quantity (kg/capita/yr)","2734","Poultry Meat","2017","2017","kg","4.52","Fc","Calculated data"
"FBS","New Food Balances","226","Uganda","645","Food supply quantity (kg/capita/yr)","2734","Poultry Meat","2015","2015","kg","1.49","Fc","Calculated data"
"FBS","New Food Balances","226","Uganda","645","Food supply quantity (kg/capita/yr)","2734","Poultry Meat","2017","2017","kg","1.52","Fc","Calculated data"
"FBS","New Food Balances","230","Ukraine","645","Food supply quantity (kg/capita/yr)","2734","Poultry Meat","2015","2015","kg","21.24","Fc","Calculated data"
"FBS","New Food Balances","230","Ukraine","645","Food supply quantity (kg/capita/yr)","2734","Poultry Meat","2017","2017","kg","22.62","Fc","Calculated data"
"FBS","New Food Balances","225","United Arab Emirates","645","Food supply quantity (kg/capita/yr)","2734","Poultry Meat","2015","2015","kg","43.91","Fc","Calculated data"
"FBS","New Food Balances","225","United Arab Emirates","645","Food supply quantity (kg/capita/yr)","2734","Poultry Meat","2017","2017","kg","43.47","Fc","Calculated data"
"FBS","New Food Balances","229","United Kingdom of Great Britain and Northern Ireland","645","Food supply quantity (kg/capita/yr)","2734","Poultry Meat","2015","2015","kg","31.16","Fc","Calculated data"
"FBS","New Food Balances","229","United Kingdom of Great Britain and Northern Ireland","645","Food supply quantity (kg/capita/yr)","2734","Poultry Meat","2017","2017","kg","31.94","Fc","Calculated data"
"FBS","New Food Balances","215","United Republic of Tanzania","645","Food supply quantity (kg/capita/yr)","2734","Poultry Meat","2015","2015","kg","1.88","Fc","Calculated data"
"FBS","New Food Balances","215","United Republic of Tanzania","645","Food supply quantity (kg/capita/yr)","2734","Poultry Meat","2017","2017","kg","1.88","Fc","Calculated data"
"FBS","New Food Balances","231","United States of America","645","Food supply quantity (kg/capita/yr)","2734","Poultry Meat","2015","2015","kg","54.67","Fc","Calculated data"
"FBS","New Food Balances","231","United States of America","645","Food supply quantity (kg/capita/yr)","2734","Poultry Meat","2017","2017","kg","55.68","Fc","Calculated data"
"FBS","New Food Balances","234","Uruguay","645","Food supply quantity (kg/capita/yr)","2734","Poultry Meat","2015","2015","kg","9.79","Fc","Calculated data"
"FBS","New Food Balances","234","Uruguay","645","Food supply quantity (kg/capita/yr)","2734","Poultry Meat","2017","2017","kg","9.12","Fc","Calculated data"
"FBS","New Food Balances","235","Uzbekistan","645","Food supply quantity (kg/capita/yr)","2734","Poultry Meat","2015","2015","kg","1.82","Fc","Calculated data"
"FBS","New Food Balances","235","Uzbekistan","645","Food supply quantity (kg/capita/yr)","2734","Poultry Meat","2017","2017","kg","1.96","Fc","Calculated data"
"FBS","New Food Balances","155","Vanuatu","645","Food supply quantity (kg/capita/yr)","2734","Poultry Meat","2015","2015","kg","11.26","Fc","Calculated data"
"FBS","New Food Balances","155","Vanuatu","645","Food supply quantity (kg/capita/yr)","2734","Poultry Meat","2017","2017","kg","11.66","Fc","Calculated data"
"FBS","New Food Balances","236","Venezuela (Bolivarian Republic of)","645","Food supply quantity (kg/capita/yr)","2734","Poultry Meat","2015","2015","kg","30.43","Fc","Calculated data"
"FBS","New Food Balances","236","Venezuela (Bolivarian Republic of)","645","Food supply quantity (kg/capita/yr)","2734","Poultry Meat","2017","2017","kg","20.28","Fc","Calculated data"
"FBS","New Food Balances","237","Viet Nam","645","Food supply quantity (kg/capita/yr)","2734","Poultry Meat","2015","2015","kg","15.16","Fc","Calculated data"
"FBS","New Food Balances","237","Viet Nam","645","Food supply quantity (kg/capita/yr)","2734","Poultry Meat","2017","2017","kg","12.33","Fc","Calculated data"
"FBS","New Food Balances","249","Yemen","645","Food supply quantity (kg/capita/yr)","2734","Poultry Meat","2015","2015","kg","8.91","Fc","Calculated data"
"FBS","New Food Balances","249","Yemen","645","Food supply quantity (kg/capita/yr)","2734","Poultry Meat","2017","2017","kg","8.53","Fc","Calculated data"
"FBS","New Food Balances","251","Zambia","645","Food supply quantity (kg/capita/yr)","2734","Poultry Meat","2015","2015","kg","3.25","Fc","Calculated data"
"FBS","New Food Balances","251","Zambia","645","Food supply quantity (kg/capita/yr)","2734","Poultry Meat","2017","2017","kg","3.42","Fc","Calculated data"
"FBS","New Food Balances","181","Zimbabwe","645","Food supply quantity (kg/capita/yr)","2734","Poultry Meat","2015","2015","kg","4.67","Fc","Calculated data"
"FBS","New Food Balances","181","Zimbabwe","645","Food supply quantity (kg/capita/yr)","2734","Poultry Meat","2017","2017","kg","4.68","Fc","Calculated data"
