Code Domaine,Domaine,Code zone,Zone,Code Élément,Élément,Code Produit,Produit,Code année,Année,Unité,Valeur,Symbole,Description du Symbole,Note
"MK","Indicateurs macro","2","Afghanistan","6110","Valeur (US $)","22008","Produit Intérieur Brut","2017","2017","millions","21515.502135","X","Sources internationales sûres","Data from UNSD AMA"
"MK","Indicateurs macro","2","Afghanistan","6129","Croissance annuelle US$","22008","Produit Intérieur Brut","2017","2017","%","6.327787","Fc","Donnée calculée",""
"MK","Indicateurs macro","202","Afrique du Sud","6110","Valeur (US $)","22008","Produit Intérieur Brut","2017","2017","millions","349006.695043","X","Sources internationales sûres","Data from UNSD AMA"
"MK","Indicateurs macro","202","Afrique du Sud","6129","Croissance annuelle US$","22008","Produit Intérieur Brut","2017","2017","%","17.771985","Fc","Donnée calculée",""
"MK","Indicateurs macro","3","Albanie","6110","Valeur (US $)","22008","Produit Intérieur Brut","2017","2017","millions","13025.068581","X","Sources internationales sûres","Data from UNSD AMA"
"MK","Indicateurs macro","3","Albanie","6129","Croissance annuelle US$","22008","Produit Intérieur Brut","2017","2017","%","9.810953","Fc","Donnée calculée",""
"MK","Indicateurs macro","4","Algérie","6110","Valeur (US $)","22008","Produit Intérieur Brut","2017","2017","millions","167389.890425","X","Sources internationales sûres","Data from UNSD AMA"
"MK","Indicateurs macro","4","Algérie","6129","Croissance annuelle US$","22008","Produit Intérieur Brut","2017","2017","%","4.596316","Fc","Donnée calculée",""
"MK","Indicateurs macro","79","Allemagne","6110","Valeur (US $)","22008","Produit Intérieur Brut","2017","2017","millions","3665804.120835","X","Sources internationales sûres","Data from UNSD AMA"
"MK","Indicateurs macro","79","Allemagne","6129","Croissance annuelle US$","22008","Produit Intérieur Brut","2017","2017","%","5.740586","Fc","Donnée calculée",""
"MK","Indicateurs macro","6","Andorre","6110","Valeur (US $)","22008","Produit Intérieur Brut","2017","2017","millions","3020.852315","X","Sources internationales sûres","Data from UNSD AMA"
"MK","Indicateurs macro","6","Andorre","6129","Croissance annuelle US$","22008","Produit Intérieur Brut","2017","2017","%","4.992763","Fc","Donnée calculée",""
"MK","Indicateurs macro","7","Angola","6110","Valeur (US $)","22008","Produit Intérieur Brut","2017","2017","millions","122123.858628","X","Sources internationales sûres","Data from UNSD AMA"
"MK","Indicateurs macro","7","Angola","6129","Croissance annuelle US$","22008","Produit Intérieur Brut","2017","2017","%","20.766647","Fc","Donnée calculée",""
"MK","Indicateurs macro","258","Anguilla","6110","Valeur (US $)","22008","Produit Intérieur Brut","2017","2017","millions","281.19311","X","Sources internationales sûres","Data from UNSD AMA"
"MK","Indicateurs macro","258","Anguilla","6129","Croissance annuelle US$","22008","Produit Intérieur Brut","2017","2017","%","-11.33085","Fc","Donnée calculée",""
"MK","Indicateurs macro","8","Antigua-et-Barbuda","6110","Valeur (US $)","22008","Produit Intérieur Brut","2017","2017","millions","1467.977778","X","Sources internationales sûres","Data from UNSD AMA"
"MK","Indicateurs macro","8","Antigua-et-Barbuda","6129","Croissance annuelle US$","22008","Produit Intérieur Brut","2017","2017","%","2.185223","Fc","Donnée calculée",""
"MK","Indicateurs macro","194","Arabie saoudite","6110","Valeur (US $)","22008","Produit Intérieur Brut","2017","2017","millions","688586.244286","X","Sources internationales sûres","Data from UNSD AMA"
"MK","Indicateurs macro","194","Arabie saoudite","6129","Croissance annuelle US$","22008","Produit Intérieur Brut","2017","2017","%","6.768227","Fc","Donnée calculée",""
"MK","Indicateurs macro","9","Argentine","6110","Valeur (US $)","22008","Produit Intérieur Brut","2017","2017","millions","642695.596034","X","Sources internationales sûres","Data from UNSD AMA"
"MK","Indicateurs macro","9","Argentine","6129","Croissance annuelle US$","22008","Produit Intérieur Brut","2017","2017","%","15.275039","Fc","Donnée calculée",""
"MK","Indicateurs macro","1","Arménie","6110","Valeur (US $)","22008","Produit Intérieur Brut","2017","2017","millions","11527.458713","X","Sources internationales sûres","Data from UNSD AMA"
"MK","Indicateurs macro","1","Arménie","6129","Croissance annuelle US$","22008","Produit Intérieur Brut","2017","2017","%","9.305043","Fc","Donnée calculée",""
"MK","Indicateurs macro","22","Aruba","6110","Valeur (US $)","22008","Produit Intérieur Brut","2017","2017","millions","3056.206704","X","Sources internationales sûres","Data from UNSD AMA"
"MK","Indicateurs macro","22","Aruba","6129","Croissance annuelle US$","22008","Produit Intérieur Brut","2017","2017","%","3.046017","Fc","Donnée calculée",""
"MK","Indicateurs macro","10","Australie","6110","Valeur (US $)","22008","Produit Intérieur Brut","2017","2017","millions","1416105.432089","X","Sources internationales sûres","Data from UNSD AMA"
"MK","Indicateurs macro","10","Australie","6129","Croissance annuelle US$","22008","Produit Intérieur Brut","2017","2017","%","7.959868","Fc","Donnée calculée",""
"MK","Indicateurs macro","11","Autriche","6110","Valeur (US $)","22008","Produit Intérieur Brut","2017","2017","millions","418316.161096","X","Sources internationales sûres","Data from UNSD AMA"
"MK","Indicateurs macro","11","Autriche","6129","Croissance annuelle US$","22008","Produit Intérieur Brut","2017","2017","%","5.841817","Fc","Donnée calculée",""
"MK","Indicateurs macro","52","Azerbaïdjan","6110","Valeur (US $)","22008","Produit Intérieur Brut","2017","2017","millions","40866.632048","X","Sources internationales sûres","Data from UNSD AMA"
"MK","Indicateurs macro","52","Azerbaïdjan","6129","Croissance annuelle US$","22008","Produit Intérieur Brut","2017","2017","%","7.921474","Fc","Donnée calculée",""
"MK","Indicateurs macro","12","Bahamas","6110","Valeur (US $)","22008","Produit Intérieur Brut","2017","2017","millions","12150.4","X","Sources internationales sûres","Data from UNSD AMA"
"MK","Indicateurs macro","12","Bahamas","6129","Croissance annuelle US$","22008","Produit Intérieur Brut","2017","2017","%","1.775782","Fc","Donnée calculée",""
"MK","Indicateurs macro","13","Bahreïn","6110","Valeur (US $)","22008","Produit Intérieur Brut","2017","2017","millions","35432.666386","X","Sources internationales sûres","Data from UNSD AMA"
"MK","Indicateurs macro","13","Bahreïn","6129","Croissance annuelle US$","22008","Produit Intérieur Brut","2017","2017","%","9.807919","Fc","Donnée calculée",""
"MK","Indicateurs macro","16","Bangladesh","6110","Valeur (US $)","22008","Produit Intérieur Brut","2017","2017","millions","245633.488923","X","Sources internationales sûres","Data from UNSD AMA"
"MK","Indicateurs macro","16","Bangladesh","6129","Croissance annuelle US$","22008","Produit Intérieur Brut","2017","2017","%","11.491529","Fc","Donnée calculée",""
"MK","Indicateurs macro","14","Barbade","6110","Valeur (US $)","22008","Produit Intérieur Brut","2017","2017","millions","4978.153889","X","Sources internationales sûres","Data from UNSD AMA"
"MK","Indicateurs macro","14","Barbade","6129","Croissance annuelle US$","22008","Produit Intérieur Brut","2017","2017","%","3.067211","Fc","Donnée calculée",""
"MK","Indicateurs macro","57","Bélarus","6110","Valeur (US $)","22008","Produit Intérieur Brut","2017","2017","millions","54725.418814","X","Sources internationales sûres","Data from UNSD AMA"
"MK","Indicateurs macro","57","Bélarus","6129","Croissance annuelle US$","22008","Produit Intérieur Brut","2017","2017","%","14.671728","Fc","Donnée calculée",""
"MK","Indicateurs macro","255","Belgique","6110","Valeur (US $)","22008","Produit Intérieur Brut","2017","2017","millions","504250.025367","X","Sources internationales sûres","Data from UNSD AMA"
"MK","Indicateurs macro","255","Belgique","6129","Croissance annuelle US$","22008","Produit Intérieur Brut","2017","2017","%","5.922232","Fc","Donnée calculée",""
"MK","Indicateurs macro","23","Belize","6110","Valeur (US $)","22008","Produit Intérieur Brut","2017","2017","millions","1836.593466","X","Sources internationales sûres","Data from UNSD AMA"
"MK","Indicateurs macro","23","Belize","6129","Croissance annuelle US$","22008","Produit Intérieur Brut","2017","2017","%","3.464215","Fc","Donnée calculée",""
"MK","Indicateurs macro","53","Bénin","6110","Valeur (US $)","22008","Produit Intérieur Brut","2017","2017","millions","9269.331673","X","Sources internationales sûres","Data from UNSD AMA"
"MK","Indicateurs macro","53","Bénin","6129","Croissance annuelle US$","22008","Produit Intérieur Brut","2017","2017","%","8.045987","Fc","Donnée calculée",""
"MK","Indicateurs macro","17","Bermudes","6110","Valeur (US $)","22008","Produit Intérieur Brut","2017","2017","millions","6269.384044","X","Sources internationales sûres","Data from UNSD AMA"
"MK","Indicateurs macro","17","Bermudes","6129","Croissance annuelle US$","22008","Produit Intérieur Brut","2017","2017","%","2.892684","Fc","Donnée calculée",""
"MK","Indicateurs macro","18","Bhoutan","6110","Valeur (US $)","22008","Produit Intérieur Brut","2017","2017","millions","2528.009185","X","Sources internationales sûres","Data from UNSD AMA"
"MK","Indicateurs macro","18","Bhoutan","6129","Croissance annuelle US$","22008","Produit Intérieur Brut","2017","2017","%","13.890729","Fc","Donnée calculée",""
"MK","Indicateurs macro","19","Bolivie (État plurinational de)","6110","Valeur (US $)","22008","Produit Intérieur Brut","2017","2017","millions","37508.683068","X","Sources internationales sûres","Data from UNSD AMA"
"MK","Indicateurs macro","19","Bolivie (État plurinational de)","6129","Croissance annuelle US$","22008","Produit Intérieur Brut","2017","2017","%","10.511101","Fc","Donnée calculée",""
"MK","Indicateurs macro","80","Bosnie-Herzégovine","6110","Valeur (US $)","22008","Produit Intérieur Brut","2017","2017","millions","18080.610875","X","Sources internationales sûres","Data from UNSD AMA"
"MK","Indicateurs macro","80","Bosnie-Herzégovine","6129","Croissance annuelle US$","22008","Produit Intérieur Brut","2017","2017","%","6.903897","Fc","Donnée calculée",""
"MK","Indicateurs macro","20","Botswana","6110","Valeur (US $)","22008","Produit Intérieur Brut","2017","2017","millions","17405.50354","X","Sources internationales sûres","Data from UNSD AMA"
"MK","Indicateurs macro","20","Botswana","6129","Croissance annuelle US$","22008","Produit Intérieur Brut","2017","2017","%","11.242991","Fc","Donnée calculée",""
"MK","Indicateurs macro","21","Brésil","6110","Valeur (US $)","22008","Produit Intérieur Brut","2017","2017","millions","2053601.668106","X","Sources internationales sûres","Data from UNSD AMA"
"MK","Indicateurs macro","21","Brésil","6129","Croissance annuelle US$","22008","Produit Intérieur Brut","2017","2017","%","14.401349","Fc","Donnée calculée",""
"MK","Indicateurs macro","26","Brunéi Darussalam","6110","Valeur (US $)","22008","Produit Intérieur Brut","2017","2017","millions","12128.166606","X","Sources internationales sûres","Data from UNSD AMA"
"MK","Indicateurs macro","26","Brunéi Darussalam","6129","Croissance annuelle US$","22008","Produit Intérieur Brut","2017","2017","%","6.384936","Fc","Donnée calculée",""
"MK","Indicateurs macro","27","Bulgarie","6110","Valeur (US $)","22008","Produit Intérieur Brut","2017","2017","millions","58951.51617","X","Sources internationales sûres","Data from UNSD AMA"
"MK","Indicateurs macro","27","Bulgarie","6129","Croissance annuelle US$","22008","Produit Intérieur Brut","2017","2017","%","9.608313","Fc","Donnée calculée",""
"MK","Indicateurs macro","233","Burkina Faso","6110","Valeur (US $)","22008","Produit Intérieur Brut","2017","2017","millions","14169.989423","X","Sources internationales sûres","Data from UNSD AMA"
"MK","Indicateurs macro","233","Burkina Faso","6129","Croissance annuelle US$","22008","Produit Intérieur Brut","2017","2017","%","10.508578","Fc","Donnée calculée",""
"MK","Indicateurs macro","29","Burundi","6110","Valeur (US $)","22008","Produit Intérieur Brut","2017","2017","millions","3217.01681","X","Sources internationales sûres","Data from UNSD AMA"
"MK","Indicateurs macro","29","Burundi","6129","Croissance annuelle US$","22008","Produit Intérieur Brut","2017","2017","%","9.792447","Fc","Donnée calculée",""
"MK","Indicateurs macro","35","Cabo Verde","6110","Valeur (US $)","22008","Produit Intérieur Brut","2017","2017","millions","1769.786532","X","Sources internationales sûres","Data from UNSD AMA"
"MK","Indicateurs macro","35","Cabo Verde","6129","Croissance annuelle US$","22008","Produit Intérieur Brut","2017","2017","%","6.420607","Fc","Donnée calculée",""
"MK","Indicateurs macro","115","Cambodge","6110","Valeur (US $)","22008","Produit Intérieur Brut","2017","2017","millions","22177.200589","X","Sources internationales sûres","Data from UNSD AMA"
"MK","Indicateurs macro","115","Cambodge","6129","Croissance annuelle US$","22008","Produit Intérieur Brut","2017","2017","%","10.793179","Fc","Donnée calculée",""
"MK","Indicateurs macro","32","Cameroun","6110","Valeur (US $)","22008","Produit Intérieur Brut","2017","2017","millions","35009.259798","X","Sources internationales sûres","Data from UNSD AMA"
"MK","Indicateurs macro","32","Cameroun","6129","Croissance annuelle US$","22008","Produit Intérieur Brut","2017","2017","%","7.246826","Fc","Donnée calculée",""
"MK","Indicateurs macro","33","Canada","6110","Valeur (US $)","22008","Produit Intérieur Brut","2017","2017","millions","1650187.053777","X","Sources internationales sûres","Data from UNSD AMA"
"MK","Indicateurs macro","33","Canada","6129","Croissance annuelle US$","22008","Produit Intérieur Brut","2017","2017","%","7.836136","Fc","Donnée calculée",""
"MK","Indicateurs macro","40","Chili","6110","Valeur (US $)","22008","Produit Intérieur Brut","2017","2017","millions","277746.461078","X","Sources internationales sûres","Data from UNSD AMA"
"MK","Indicateurs macro","40","Chili","6129","Croissance annuelle US$","22008","Produit Intérieur Brut","2017","2017","%","10.947756","Fc","Donnée calculée",""
"MK","Indicateurs macro","351","Chine","6110","Valeur (US $)","22008","Produit Intérieur Brut","2017","2017","millions","12535816.489996","A","Agrégat, peut inclure des données officielles, semi-officielles, estimées ou calculées",""
"MK","Indicateurs macro","351","Chine","6129","Croissance annuelle US$","22008","Produit Intérieur Brut","2017","2017","%","8.967606","Fc","Donnée calculée",""
"MK","Indicateurs macro","96","Chine - RAS de Hong-Kong","6110","Valeur (US $)","22008","Produit Intérieur Brut","2017","2017","millions","341684.919642","X","Sources internationales sûres","Data from UNSD AMA"
"MK","Indicateurs macro","96","Chine - RAS de Hong-Kong","6129","Croissance annuelle US$","22008","Produit Intérieur Brut","2017","2017","%","6.489427","Fc","Donnée calculée",""
"MK","Indicateurs macro","128","Chine - RAS de Macao","6110","Valeur (US $)","22008","Produit Intérieur Brut","2017","2017","millions","50559.425547","X","Sources internationales sûres","Data from UNSD AMA"
"MK","Indicateurs macro","128","Chine - RAS de Macao","6129","Croissance annuelle US$","22008","Produit Intérieur Brut","2017","2017","%","11.554895","Fc","Donnée calculée",""
"MK","Indicateurs macro","41","Chine, continentale","6110","Valeur (US $)","22008","Produit Intérieur Brut","2017","2017","millions","12143572.144807","X","Sources internationales sûres","Data from UNSD AMA"
"MK","Indicateurs macro","41","Chine, continentale","6129","Croissance annuelle US$","22008","Produit Intérieur Brut","2017","2017","%","9.028469","Fc","Donnée calculée",""
"MK","Indicateurs macro","50","Chypre","6110","Valeur (US $)","22008","Produit Intérieur Brut","2017","2017","millions","22638.471872","X","Sources internationales sûres","Data from UNSD AMA"
"MK","Indicateurs macro","50","Chypre","6129","Croissance annuelle US$","22008","Produit Intérieur Brut","2017","2017","%","8.441065","Fc","Donnée calculée",""
"MK","Indicateurs macro","44","Colombie","6110","Valeur (US $)","22008","Produit Intérieur Brut","2017","2017","millions","311789.874369","X","Sources internationales sûres","Data from UNSD AMA"
"MK","Indicateurs macro","44","Colombie","6129","Croissance annuelle US$","22008","Produit Intérieur Brut","2017","2017","%","10.241266","Fc","Donnée calculée",""
"MK","Indicateurs macro","45","Comores","6110","Valeur (US $)","22008","Produit Intérieur Brut","2017","2017","millions","1065.019333","X","Sources internationales sûres","Data from UNSD AMA"
"MK","Indicateurs macro","45","Comores","6129","Croissance annuelle US$","22008","Produit Intérieur Brut","2017","2017","%","5.252494","Fc","Donnée calculée",""
"MK","Indicateurs macro","46","Congo","6110","Valeur (US $)","22008","Produit Intérieur Brut","2017","2017","millions","10978.971299","X","Sources internationales sûres","Data from UNSD AMA"
"MK","Indicateurs macro","46","Congo","6129","Croissance annuelle US$","22008","Produit Intérieur Brut","2017","2017","%","9.660458","Fc","Donnée calculée",""
"MK","Indicateurs macro","48","Costa Rica","6110","Valeur (US $)","22008","Produit Intérieur Brut","2017","2017","millions","58174.550212","X","Sources internationales sûres","Data from UNSD AMA"
"MK","Indicateurs macro","48","Costa Rica","6129","Croissance annuelle US$","22008","Produit Intérieur Brut","2017","2017","%","1.778499","Fc","Donnée calculée",""
"MK","Indicateurs macro","107","Côte d'Ivoire","6110","Valeur (US $)","22008","Produit Intérieur Brut","2017","2017","millions","38147.836938","X","Sources internationales sûres","Data from UNSD AMA"
"MK","Indicateurs macro","107","Côte d'Ivoire","6129","Croissance annuelle US$","22008","Produit Intérieur Brut","2017","2017","%","8.003409","Fc","Donnée calculée",""
"MK","Indicateurs macro","98","Croatie","6110","Valeur (US $)","22008","Produit Intérieur Brut","2017","2017","millions","55319.365464","X","Sources internationales sûres","Data from UNSD AMA"
"MK","Indicateurs macro","98","Croatie","6129","Croissance annuelle US$","22008","Produit Intérieur Brut","2017","2017","%","7.214311","Fc","Donnée calculée",""
"MK","Indicateurs macro","49","Cuba","6110","Valeur (US $)","22008","Produit Intérieur Brut","2017","2017","millions","96851","X","Sources internationales sûres","Data from UNSD AMA"
"MK","Indicateurs macro","49","Cuba","6129","Croissance annuelle US$","22008","Produit Intérieur Brut","2017","2017","%","5.998687","Fc","Donnée calculée",""
"MK","Indicateurs macro","279","Curaçao","6110","Valeur (US $)","22008","Produit Intérieur Brut","2017","2017","millions","3116.62911","X","Sources internationales sûres","Data from UNSD AMA"
"MK","Indicateurs macro","279","Curaçao","6129","Croissance annuelle US$","22008","Produit Intérieur Brut","2017","2017","%","-0.18124","Fc","Donnée calculée",""
"MK","Indicateurs macro","54","Danemark","6110","Valeur (US $)","22008","Produit Intérieur Brut","2017","2017","millions","329417.097418","X","Sources internationales sûres","Data from UNSD AMA"
"MK","Indicateurs macro","54","Danemark","6129","Croissance annuelle US$","22008","Produit Intérieur Brut","2017","2017","%","5.206124","Fc","Donnée calculée",""
"MK","Indicateurs macro","72","Djibouti","6110","Valeur (US $)","22008","Produit Intérieur Brut","2017","2017","millions","2766.868072","X","Sources internationales sûres","Data from UNSD AMA"
"MK","Indicateurs macro","72","Djibouti","6129","Croissance annuelle US$","22008","Produit Intérieur Brut","2017","2017","%","5.662606","Fc","Donnée calculée",""
"MK","Indicateurs macro","55","Dominique","6110","Valeur (US $)","22008","Produit Intérieur Brut","2017","2017","millions","519.837037","X","Sources internationales sûres","Data from UNSD AMA"
"MK","Indicateurs macro","55","Dominique","6129","Croissance annuelle US$","22008","Produit Intérieur Brut","2017","2017","%","-9.667454","Fc","Donnée calculée",""
"MK","Indicateurs macro","59","Égypte","6110","Valeur (US $)","22008","Produit Intérieur Brut","2017","2017","millions","195135.299313","X","Sources internationales sûres","Data from UNSD AMA"
"MK","Indicateurs macro","59","Égypte","6129","Croissance annuelle US$","22008","Produit Intérieur Brut","2017","2017","%","-27.795735","Fc","Donnée calculée",""
"MK","Indicateurs macro","60","El Salvador","6110","Valeur (US $)","22008","Produit Intérieur Brut","2017","2017","millions","24927.973702","X","Sources internationales sûres","Data from UNSD AMA"
"MK","Indicateurs macro","60","El Salvador","6129","Croissance annuelle US$","22008","Produit Intérieur Brut","2017","2017","%","3.203851","Fc","Donnée calculée",""
"MK","Indicateurs macro","225","Émirats arabes unis","6110","Valeur (US $)","22008","Produit Intérieur Brut","2017","2017","millions","377701.060178","X","Sources internationales sûres","Data from UNSD AMA"
"MK","Indicateurs macro","225","Émirats arabes unis","6129","Croissance annuelle US$","22008","Produit Intérieur Brut","2017","2017","%","5.785236","Fc","Donnée calculée",""
"MK","Indicateurs macro","58","Équateur","6110","Valeur (US $)","22008","Produit Intérieur Brut","2017","2017","millions","104295.862","X","Sources internationales sûres","Data from UNSD AMA"
"MK","Indicateurs macro","58","Équateur","6129","Croissance annuelle US$","22008","Produit Intérieur Brut","2017","2017","%","4.360883","Fc","Donnée calculée",""
"MK","Indicateurs macro","178","Érythrée","6110","Valeur (US $)","22008","Produit Intérieur Brut","2017","2017","millions","5928.331759","X","Sources internationales sûres","Data from UNSD AMA"
"MK","Indicateurs macro","178","Érythrée","6129","Croissance annuelle US$","22008","Produit Intérieur Brut","2017","2017","%","18.266569","Fc","Donnée calculée",""
"MK","Indicateurs macro","203","Espagne","6110","Valeur (US $)","22008","Produit Intérieur Brut","2017","2017","millions","1312551.705955","X","Sources internationales sûres","Data from UNSD AMA"
"MK","Indicateurs macro","203","Espagne","6129","Croissance annuelle US$","22008","Produit Intérieur Brut","2017","2017","%","6.531715","Fc","Donnée calculée",""
"MK","Indicateurs macro","63","Estonie","6110","Valeur (US $)","22008","Produit Intérieur Brut","2017","2017","millions","26859.101054","X","Sources internationales sûres","Data from UNSD AMA"
"MK","Indicateurs macro","63","Estonie","6129","Croissance annuelle US$","22008","Produit Intérieur Brut","2017","2017","%","11.92947","Fc","Donnée calculée",""
"MK","Indicateurs macro","209","Eswatini","6110","Valeur (US $)","22008","Produit Intérieur Brut","2017","2017","millions","4446.225564","X","Sources internationales sûres","Data from UNSD AMA"
"MK","Indicateurs macro","209","Eswatini","6129","Croissance annuelle US$","22008","Produit Intérieur Brut","2017","2017","%","15.764387","Fc","Donnée calculée",""
"MK","Indicateurs macro","231","États-Unis d'Amérique","6110","Valeur (US $)","22008","Produit Intérieur Brut","2017","2017","millions","19519424","X","Sources internationales sûres","Data from UNSD AMA"
"MK","Indicateurs macro","231","États-Unis d'Amérique","6129","Croissance annuelle US$","22008","Produit Intérieur Brut","2017","2017","%","4.298062","Fc","Donnée calculée",""
"MK","Indicateurs macro","238","Éthiopie","6110","Valeur (US $)","22008","Produit Intérieur Brut","2017","2017","millions","76784.78438","X","Sources internationales sûres","Data from UNSD AMA"
"MK","Indicateurs macro","238","Éthiopie","6129","Croissance annuelle US$","22008","Produit Intérieur Brut","2017","2017","%","6.41253","Fc","Donnée calculée",""
"MK","Indicateurs macro","185","Fédération de Russie","6110","Valeur (US $)","22008","Produit Intérieur Brut","2017","2017","millions","1581442.647526","X","Sources internationales sûres","Data from UNSD AMA"
"MK","Indicateurs macro","185","Fédération de Russie","6129","Croissance annuelle US$","22008","Produit Intérieur Brut","2017","2017","%","23.068113","Fc","Donnée calculée",""
"MK","Indicateurs macro","66","Fidji","6110","Valeur (US $)","22008","Produit Intérieur Brut","2017","2017","millions","5353.468384","X","Sources internationales sûres","Data from UNSD AMA"
"MK","Indicateurs macro","66","Fidji","6129","Croissance annuelle US$","22008","Produit Intérieur Brut","2017","2017","%","8.584245","Fc","Donnée calculée",""
"MK","Indicateurs macro","67","Finlande","6110","Valeur (US $)","22008","Produit Intérieur Brut","2017","2017","millions","255065.064429","X","Sources internationales sûres","Data from UNSD AMA"
"MK","Indicateurs macro","67","Finlande","6129","Croissance annuelle US$","22008","Produit Intérieur Brut","2017","2017","%","6.025169","Fc","Donnée calculée",""
"MK","Indicateurs macro","68","France","6110","Valeur (US $)","22008","Produit Intérieur Brut","2017","2017","millions","2592689.469914","X","Sources internationales sûres","Data from UNSD AMA"
"MK","Indicateurs macro","68","France","6129","Croissance annuelle US$","22008","Produit Intérieur Brut","2017","2017","%","4.912579","Fc","Donnée calculée",""
"MK","Indicateurs macro","74","Gabon","6110","Valeur (US $)","22008","Produit Intérieur Brut","2017","2017","millions","14929.474265","X","Sources internationales sûres","Data from UNSD AMA"
"MK","Indicateurs macro","74","Gabon","6129","Croissance annuelle US$","22008","Produit Intérieur Brut","2017","2017","%","6.457901","Fc","Donnée calculée",""
"MK","Indicateurs macro","75","Gambie","6110","Valeur (US $)","22008","Produit Intérieur Brut","2017","2017","millions","1504.954083","X","Sources internationales sûres","Data from UNSD AMA"
"MK","Indicateurs macro","75","Gambie","6129","Croissance annuelle US$","22008","Produit Intérieur Brut","2017","2017","%","2.569375","Fc","Donnée calculée",""
"MK","Indicateurs macro","73","Géorgie","6110","Valeur (US $)","22008","Produit Intérieur Brut","2017","2017","millions","16242.672516","X","Sources internationales sûres","Data from UNSD AMA"
"MK","Indicateurs macro","73","Géorgie","6129","Croissance annuelle US$","22008","Produit Intérieur Brut","2017","2017","%","7.271793","Fc","Donnée calculée",""
"MK","Indicateurs macro","81","Ghana","6110","Valeur (US $)","22008","Produit Intérieur Brut","2017","2017","millions","58994.855221","X","Sources internationales sûres","Data from UNSD AMA"
"MK","Indicateurs macro","81","Ghana","6129","Croissance annuelle US$","22008","Produit Intérieur Brut","2017","2017","%","7.244399","Fc","Donnée calculée",""
"MK","Indicateurs macro","84","Grèce","6110","Valeur (US $)","22008","Produit Intérieur Brut","2017","2017","millions","203588.882261","X","Sources internationales sûres","Data from UNSD AMA"
"MK","Indicateurs macro","84","Grèce","6129","Croissance annuelle US$","22008","Produit Intérieur Brut","2017","2017","%","4.285561","Fc","Donnée calculée",""
"MK","Indicateurs macro","86","Grenade","6110","Valeur (US $)","22008","Produit Intérieur Brut","2017","2017","millions","1125.685613","X","Sources internationales sûres","Data from UNSD AMA"
"MK","Indicateurs macro","86","Grenade","6129","Croissance annuelle US$","22008","Produit Intérieur Brut","2017","2017","%","6.033583","Fc","Donnée calculée",""
"MK","Indicateurs macro","85","Groenland","6110","Valeur (US $)","22008","Produit Intérieur Brut","2017","2017","millions","2826.654723","X","Sources internationales sûres","Data from UNSD AMA"
"MK","Indicateurs macro","85","Groenland","6129","Croissance annuelle US$","22008","Produit Intérieur Brut","2017","2017","%","4.414818","Fc","Donnée calculée",""
"MK","Indicateurs macro","89","Guatemala","6110","Valeur (US $)","22008","Produit Intérieur Brut","2017","2017","millions","75619.686541","X","Sources internationales sûres","Data from UNSD AMA"
"MK","Indicateurs macro","89","Guatemala","6129","Croissance annuelle US$","22008","Produit Intérieur Brut","2017","2017","%","10.131134","Fc","Donnée calculée",""
"MK","Indicateurs macro","90","Guinée","6110","Valeur (US $)","22008","Produit Intérieur Brut","2017","2017","millions","9914.962503","X","Sources internationales sûres","Data from UNSD AMA"
"MK","Indicateurs macro","90","Guinée","6129","Croissance annuelle US$","22008","Produit Intérieur Brut","2017","2017","%","15.238898","Fc","Donnée calculée",""
"MK","Indicateurs macro","61","Guinée équatoriale","6110","Valeur (US $)","22008","Produit Intérieur Brut","2017","2017","millions","12517.670733","X","Sources internationales sûres","Data from UNSD AMA"
"MK","Indicateurs macro","61","Guinée équatoriale","6129","Croissance annuelle US$","22008","Produit Intérieur Brut","2017","2017","%","11.146534","Fc","Donnée calculée",""
"MK","Indicateurs macro","175","Guinée-Bissau","6110","Valeur (US $)","22008","Produit Intérieur Brut","2017","2017","millions","1350.177012","X","Sources internationales sûres","Data from UNSD AMA"
"MK","Indicateurs macro","175","Guinée-Bissau","6129","Croissance annuelle US$","22008","Produit Intérieur Brut","2017","2017","%","14.518424","Fc","Donnée calculée",""
"MK","Indicateurs macro","91","Guyana","6110","Valeur (US $)","22008","Produit Intérieur Brut","2017","2017","millions","3555.208115","X","Sources internationales sûres","Data from UNSD AMA"
"MK","Indicateurs macro","91","Guyana","6129","Croissance annuelle US$","22008","Produit Intérieur Brut","2017","2017","%","3.450578","Fc","Donnée calculée",""
"MK","Indicateurs macro","93","Haïti","6110","Valeur (US $)","22008","Produit Intérieur Brut","2017","2017","millions","8521.132072","X","Sources internationales sûres","Data from UNSD AMA"
"MK","Indicateurs macro","93","Haïti","6129","Croissance annuelle US$","22008","Produit Intérieur Brut","2017","2017","%","12.152855","Fc","Donnée calculée",""
"MK","Indicateurs macro","95","Honduras","6110","Valeur (US $)","22008","Produit Intérieur Brut","2017","2017","millions","23100.781745","X","Sources internationales sûres","Data from UNSD AMA"
"MK","Indicateurs macro","95","Honduras","6129","Croissance annuelle US$","22008","Produit Intérieur Brut","2017","2017","%","6.3689","Fc","Donnée calculée",""
"MK","Indicateurs macro","97","Hongrie","6110","Valeur (US $)","22008","Produit Intérieur Brut","2017","2017","millions","141510.58302","X","Sources internationales sûres","Data from UNSD AMA"
"MK","Indicateurs macro","97","Hongrie","6129","Croissance annuelle US$","22008","Produit Intérieur Brut","2017","2017","%","10.982187","Fc","Donnée calculée",""
"MK","Indicateurs macro","36","Îles Caïmanes","6110","Valeur (US $)","22008","Produit Intérieur Brut","2017","2017","millions","5225.231977","X","Sources internationales sûres","Data from UNSD AMA"
"MK","Indicateurs macro","36","Îles Caïmanes","6129","Croissance annuelle US$","22008","Produit Intérieur Brut","2017","2017","%","4.958763","Fc","Donnée calculée",""
"MK","Indicateurs macro","47","Îles Cook","6110","Valeur (US $)","22008","Produit Intérieur Brut","2017","2017","millions","345.608995","X","Sources internationales sûres","Data from UNSD AMA"
"MK","Indicateurs macro","47","Îles Cook","6129","Croissance annuelle US$","22008","Produit Intérieur Brut","2017","2017","%","11.537687","Fc","Donnée calculée",""
"MK","Indicateurs macro","127","Îles Marshall","6110","Valeur (US $)","22008","Produit Intérieur Brut","2017","2017","millions","207.749821","X","Sources internationales sûres","Data from UNSD AMA"
"MK","Indicateurs macro","127","Îles Marshall","6129","Croissance annuelle US$","22008","Produit Intérieur Brut","2017","2017","%","5.021565","Fc","Donnée calculée",""
"MK","Indicateurs macro","25","Îles Salomon","6110","Valeur (US $)","22008","Produit Intérieur Brut","2017","2017","millions","1198.938644","X","Sources internationales sûres","Data from UNSD AMA"
"MK","Indicateurs macro","25","Îles Salomon","6129","Croissance annuelle US$","22008","Produit Intérieur Brut","2017","2017","%","6.223974","Fc","Donnée calculée",""
"MK","Indicateurs macro","224","Îles Turques-et-Caïques","6110","Valeur (US $)","22008","Produit Intérieur Brut","2017","2017","millions","962.526336","X","Sources internationales sûres","Data from UNSD AMA"
"MK","Indicateurs macro","224","Îles Turques-et-Caïques","6129","Croissance annuelle US$","22008","Produit Intérieur Brut","2017","2017","%","1.280395","Fc","Donnée calculée",""
"MK","Indicateurs macro","239","Îles Vierges britanniques","6110","Valeur (US $)","22008","Produit Intérieur Brut","2017","2017","millions","1364.164483","X","Sources internationales sûres","Data from UNSD AMA"
"MK","Indicateurs macro","239","Îles Vierges britanniques","6129","Croissance annuelle US$","22008","Produit Intérieur Brut","2017","2017","%","5.684","Fc","Donnée calculée",""
"MK","Indicateurs macro","100","Inde","6110","Valeur (US $)","22008","Produit Intérieur Brut","2017","2017","millions","2625091.06517","X","Sources internationales sûres","Data from UNSD AMA"
"MK","Indicateurs macro","100","Inde","6129","Croissance annuelle US$","22008","Produit Intérieur Brut","2017","2017","%","14.82167","Fc","Donnée calculée",""
"MK","Indicateurs macro","101","Indonésie","6110","Valeur (US $)","22008","Produit Intérieur Brut","2017","2017","millions","1015423.457385","X","Sources internationales sûres","Data from UNSD AMA"
"MK","Indicateurs macro","101","Indonésie","6129","Croissance annuelle US$","22008","Produit Intérieur Brut","2017","2017","%","8.965353","Fc","Donnée calculée",""
"MK","Indicateurs macro","102","Iran (République islamique d')","6110","Valeur (US $)","22008","Produit Intérieur Brut","2017","2017","millions","460976.107833","X","Sources internationales sûres","Data from UNSD AMA"
"MK","Indicateurs macro","102","Iran (République islamique d')","6129","Croissance annuelle US$","22008","Produit Intérieur Brut","2017","2017","%","8.362311","Fc","Donnée calculée",""
"MK","Indicateurs macro","103","Iraq","6110","Valeur (US $)","22008","Produit Intérieur Brut","2017","2017","millions","190643.898226","X","Sources internationales sûres","Data from UNSD AMA"
"MK","Indicateurs macro","103","Iraq","6129","Croissance annuelle US$","22008","Produit Intérieur Brut","2017","2017","%","14.430402","Fc","Donnée calculée",""
"MK","Indicateurs macro","104","Irlande","6110","Valeur (US $)","22008","Produit Intérieur Brut","2017","2017","millions","335663.114186","X","Sources internationales sûres","Data from UNSD AMA"
"MK","Indicateurs macro","104","Irlande","6129","Croissance annuelle US$","22008","Produit Intérieur Brut","2017","2017","%","11.692876","Fc","Donnée calculée",""
"MK","Indicateurs macro","99","Islande","6110","Valeur (US $)","22008","Produit Intérieur Brut","2017","2017","millions","24493.035576","X","Sources internationales sûres","Data from UNSD AMA"
"MK","Indicateurs macro","99","Islande","6129","Croissance annuelle US$","22008","Produit Intérieur Brut","2017","2017","%","18.792337","Fc","Donnée calculée",""
"MK","Indicateurs macro","105","Israël","6110","Valeur (US $)","22008","Produit Intérieur Brut","2017","2017","millions","353253.408372","X","Sources internationales sûres","Data from UNSD AMA"
"MK","Indicateurs macro","105","Israël","6129","Croissance annuelle US$","22008","Produit Intérieur Brut","2017","2017","%","10.754897","Fc","Donnée calculée",""
"MK","Indicateurs macro","106","Italie","6110","Valeur (US $)","22008","Produit Intérieur Brut","2017","2017","millions","1961806.364485","X","Sources internationales sûres","Data from UNSD AMA"
"MK","Indicateurs macro","106","Italie","6129","Croissance annuelle US$","22008","Produit Intérieur Brut","2017","2017","%","4.597324","Fc","Donnée calculée",""
"MK","Indicateurs macro","109","Jamaïque","6110","Valeur (US $)","22008","Produit Intérieur Brut","2017","2017","millions","14806.335709","X","Sources internationales sûres","Data from UNSD AMA"
"MK","Indicateurs macro","109","Jamaïque","6129","Croissance annuelle US$","22008","Produit Intérieur Brut","2017","2017","%","5.189277","Fc","Donnée calculée",""
"MK","Indicateurs macro","110","Japon","6110","Valeur (US $)","22008","Produit Intérieur Brut","2017","2017","millions","4859950.558539","X","Sources internationales sûres","Data from UNSD AMA"
"MK","Indicateurs macro","110","Japon","6129","Croissance annuelle US$","22008","Produit Intérieur Brut","2017","2017","%","-1.354192","Fc","Donnée calculée",""
"MK","Indicateurs macro","112","Jordanie","6110","Valeur (US $)","22008","Produit Intérieur Brut","2017","2017","millions","40709.15493","X","Sources internationales sûres","Data from UNSD AMA"
"MK","Indicateurs macro","112","Jordanie","6129","Croissance annuelle US$","22008","Produit Intérieur Brut","2017","2017","%","3.858685","Fc","Donnée calculée",""
"MK","Indicateurs macro","108","Kazakhstan","6110","Valeur (US $)","22008","Produit Intérieur Brut","2017","2017","millions","166805.788967","X","Sources internationales sûres","Data from UNSD AMA"
"MK","Indicateurs macro","108","Kazakhstan","6129","Croissance annuelle US$","22008","Produit Intérieur Brut","2017","2017","%","21.5092","Fc","Donnée calculée",""
"MK","Indicateurs macro","114","Kenya","6110","Valeur (US $)","22008","Produit Intérieur Brut","2017","2017","millions","78757.378912","X","Sources internationales sûres","Data from UNSD AMA"
"MK","Indicateurs macro","114","Kenya","6129","Croissance annuelle US$","22008","Produit Intérieur Brut","2017","2017","%","13.829703","Fc","Donnée calculée",""
"MK","Indicateurs macro","113","Kirghizistan","6110","Valeur (US $)","22008","Produit Intérieur Brut","2017","2017","millions","7702.938395","X","Sources internationales sûres","Data from UNSD AMA"
"MK","Indicateurs macro","113","Kirghizistan","6129","Croissance annuelle US$","22008","Produit Intérieur Brut","2017","2017","%","13.060774","Fc","Donnée calculée",""
"MK","Indicateurs macro","83","Kiribati","6110","Valeur (US $)","22008","Produit Intérieur Brut","2017","2017","millions","185.578464","X","Sources internationales sûres","Data from UNSD AMA"
"MK","Indicateurs macro","83","Kiribati","6129","Croissance annuelle US$","22008","Produit Intérieur Brut","2017","2017","%","2.219154","Fc","Donnée calculée",""
"MK","Indicateurs macro","118","Koweït","6110","Valeur (US $)","22008","Produit Intérieur Brut","2017","2017","millions","119534.250494","X","Sources internationales sûres","Data from UNSD AMA"
"MK","Indicateurs macro","118","Koweït","6129","Croissance annuelle US$","22008","Produit Intérieur Brut","2017","2017","%","9.257018","Fc","Donnée calculée",""
"MK","Indicateurs macro","122","Lesotho","6110","Valeur (US $)","22008","Produit Intérieur Brut","2017","2017","millions","2578.713331","X","Sources internationales sûres","Data from UNSD AMA"
"MK","Indicateurs macro","122","Lesotho","6129","Croissance annuelle US$","22008","Produit Intérieur Brut","2017","2017","%","11.894117","Fc","Donnée calculée",""
"MK","Indicateurs macro","119","Lettonie","6110","Valeur (US $)","22008","Produit Intérieur Brut","2017","2017","millions","30273.00751","X","Sources internationales sûres","Data from UNSD AMA"
"MK","Indicateurs macro","119","Lettonie","6129","Croissance annuelle US$","22008","Produit Intérieur Brut","2017","2017","%","9.154303","Fc","Donnée calculée",""
"MK","Indicateurs macro","121","Liban","6110","Valeur (US $)","22008","Produit Intérieur Brut","2017","2017","millions","53393.799595","X","Sources internationales sûres","Data from UNSD AMA"
"MK","Indicateurs macro","121","Liban","6129","Croissance annuelle US$","22008","Produit Intérieur Brut","2017","2017","%","4.205288","Fc","Donnée calculée",""
"MK","Indicateurs macro","123","Libéria","6110","Valeur (US $)","22008","Produit Intérieur Brut","2017","2017","millions","2145.368675","X","Sources internationales sûres","Data from UNSD AMA"
"MK","Indicateurs macro","123","Libéria","6129","Croissance annuelle US$","22008","Produit Intérieur Brut","2017","2017","%","0.232746","Fc","Donnée calculée",""
"MK","Indicateurs macro","124","Libye","6110","Valeur (US $)","22008","Produit Intérieur Brut","2017","2017","millions","25120.26205","X","Sources internationales sûres","Data from UNSD AMA"
"MK","Indicateurs macro","124","Libye","6129","Croissance annuelle US$","22008","Produit Intérieur Brut","2017","2017","%","63.973829","Fc","Donnée calculée",""
"MK","Indicateurs macro","125","Liechtenstein","6110","Valeur (US $)","22008","Produit Intérieur Brut","2017","2017","millions","6552.914195","X","Sources internationales sûres","Data from UNSD AMA"
"MK","Indicateurs macro","125","Liechtenstein","6129","Croissance annuelle US$","22008","Produit Intérieur Brut","2017","2017","%","5.060117","Fc","Donnée calculée",""
"MK","Indicateurs macro","126","Lituanie","6110","Valeur (US $)","22008","Produit Intérieur Brut","2017","2017","millions","47750.908128","X","Sources internationales sûres","Data from UNSD AMA"
"MK","Indicateurs macro","126","Lituanie","6129","Croissance annuelle US$","22008","Produit Intérieur Brut","2017","2017","%","10.991908","Fc","Donnée calculée",""
"MK","Indicateurs macro","256","Luxembourg","6110","Valeur (US $)","22008","Produit Intérieur Brut","2017","2017","millions","64181.944723","X","Sources internationales sûres","Data from UNSD AMA"
"MK","Indicateurs macro","256","Luxembourg","6129","Croissance annuelle US$","22008","Produit Intérieur Brut","2017","2017","%","5.751155","Fc","Donnée calculée",""
"MK","Indicateurs macro","154","Macédoine du Nord","6110","Valeur (US $)","22008","Produit Intérieur Brut","2017","2017","millions","11307.067001","X","Sources internationales sûres","Data from UNSD AMA"
"MK","Indicateurs macro","154","Macédoine du Nord","6129","Croissance annuelle US$","22008","Produit Intérieur Brut","2017","2017","%","5.946165","Fc","Donnée calculée",""
"MK","Indicateurs macro","129","Madagascar","6110","Valeur (US $)","22008","Produit Intérieur Brut","2017","2017","millions","13176.313594","X","Sources internationales sûres","Data from UNSD AMA"
"MK","Indicateurs macro","129","Madagascar","6129","Croissance annuelle US$","22008","Produit Intérieur Brut","2017","2017","%","11.205528","Fc","Donnée calculée",""
"MK","Indicateurs macro","131","Malaisie","6110","Valeur (US $)","22008","Produit Intérieur Brut","2017","2017","millions","318955.204603","X","Sources internationales sûres","Data from UNSD AMA"
"MK","Indicateurs macro","131","Malaisie","6129","Croissance annuelle US$","22008","Produit Intérieur Brut","2017","2017","%","5.875346","Fc","Donnée calculée",""
"MK","Indicateurs macro","130","Malawi","6110","Valeur (US $)","22008","Produit Intérieur Brut","2017","2017","millions","6347.717479","X","Sources internationales sûres","Data from UNSD AMA"
"MK","Indicateurs macro","130","Malawi","6129","Croissance annuelle US$","22008","Produit Intérieur Brut","2017","2017","%","19.543959","Fc","Donnée calculée",""
"MK","Indicateurs macro","132","Maldives","6110","Valeur (US $)","22008","Produit Intérieur Brut","2017","2017","millions","4735.999662","X","Sources internationales sûres","Data from UNSD AMA"
"MK","Indicateurs macro","132","Maldives","6129","Croissance annuelle US$","22008","Produit Intérieur Brut","2017","2017","%","8.149222","Fc","Donnée calculée",""
"MK","Indicateurs macro","133","Mali","6110","Valeur (US $)","22008","Produit Intérieur Brut","2017","2017","millions","15375.720393","X","Sources internationales sûres","Data from UNSD AMA"
"MK","Indicateurs macro","133","Mali","6129","Croissance annuelle US$","22008","Produit Intérieur Brut","2017","2017","%","9.491953","Fc","Donnée calculée",""
"MK","Indicateurs macro","134","Malte","6110","Valeur (US $)","22008","Produit Intérieur Brut","2017","2017","millions","12780.422054","X","Sources internationales sûres","Data from UNSD AMA"
"MK","Indicateurs macro","134","Malte","6129","Croissance annuelle US$","22008","Produit Intérieur Brut","2017","2017","%","11.696044","Fc","Donnée calculée",""
"MK","Indicateurs macro","143","Maroc","6110","Valeur (US $)","22008","Produit Intérieur Brut","2017","2017","millions","109714.324353","X","Sources internationales sûres","Data from UNSD AMA"
"MK","Indicateurs macro","143","Maroc","6129","Croissance annuelle US$","22008","Produit Intérieur Brut","2017","2017","%","6.197178","Fc","Donnée calculée",""
"MK","Indicateurs macro","137","Maurice","6110","Valeur (US $)","22008","Produit Intérieur Brut","2017","2017","millions","13259.348214","X","Sources internationales sûres","Data from UNSD AMA"
"MK","Indicateurs macro","137","Maurice","6129","Croissance annuelle US$","22008","Produit Intérieur Brut","2017","2017","%","8.394698","Fc","Donnée calculée",""
"MK","Indicateurs macro","136","Mauritanie","6110","Valeur (US $)","22008","Produit Intérieur Brut","2017","2017","millions","7062.598875","X","Sources internationales sûres","Data from UNSD AMA"
"MK","Indicateurs macro","136","Mauritanie","6129","Croissance annuelle US$","22008","Produit Intérieur Brut","2017","2017","%","7.560997","Fc","Donnée calculée",""
"MK","Indicateurs macro","138","Mexique","6110","Valeur (US $)","22008","Produit Intérieur Brut","2017","2017","millions","1158229.075169","X","Sources internationales sûres","Data from UNSD AMA"
"MK","Indicateurs macro","138","Mexique","6129","Croissance annuelle US$","22008","Produit Intérieur Brut","2017","2017","%","7.459312","Fc","Donnée calculée",""
"MK","Indicateurs macro","145","Micronésie (États fédérés de)","6110","Valeur (US $)","22008","Produit Intérieur Brut","2017","2017","millions","362.6","X","Sources internationales sûres","Data from UNSD AMA"
"MK","Indicateurs macro","145","Micronésie (États fédérés de)","6129","Croissance annuelle US$","22008","Produit Intérieur Brut","2017","2017","%","9.414605","Fc","Donnée calculée",""
"MK","Indicateurs macro","140","Monaco","6110","Valeur (US $)","22008","Produit Intérieur Brut","2017","2017","millions","6431.274938","X","Sources internationales sûres","Data from UNSD AMA"
"MK","Indicateurs macro","140","Monaco","6129","Croissance annuelle US$","22008","Produit Intérieur Brut","2017","2017","%","-0.567037","Fc","Donnée calculée",""
"MK","Indicateurs macro","141","Mongolie","6110","Valeur (US $)","22008","Produit Intérieur Brut","2017","2017","millions","11433.635702","X","Sources internationales sûres","Data from UNSD AMA"
"MK","Indicateurs macro","141","Mongolie","6129","Croissance annuelle US$","22008","Produit Intérieur Brut","2017","2017","%","2.206943","Fc","Donnée calculée",""
"MK","Indicateurs macro","273","Monténégro","6110","Valeur (US $)","22008","Produit Intérieur Brut","2017","2017","millions","4856.612346","X","Sources internationales sûres","Data from UNSD AMA"
"MK","Indicateurs macro","273","Monténégro","6129","Croissance annuelle US$","22008","Produit Intérieur Brut","2017","2017","%","11.035055","Fc","Donnée calculée",""
"MK","Indicateurs macro","142","Montserrat","6110","Valeur (US $)","22008","Produit Intérieur Brut","2017","2017","millions","59.959259","X","Sources internationales sûres","Data from UNSD AMA"
"MK","Indicateurs macro","142","Montserrat","6129","Croissance annuelle US$","22008","Produit Intérieur Brut","2017","2017","%","-4.579748","Fc","Donnée calculée",""
"MK","Indicateurs macro","144","Mozambique","6110","Valeur (US $)","22008","Produit Intérieur Brut","2017","2017","millions","13219.07958","X","Sources internationales sûres","Data from UNSD AMA"
"MK","Indicateurs macro","144","Mozambique","6129","Croissance annuelle US$","22008","Produit Intérieur Brut","2017","2017","%","10.740445","Fc","Donnée calculée",""
"MK","Indicateurs macro","28","Myanmar","6110","Valeur (US $)","22008","Produit Intérieur Brut","2017","2017","millions","66490.513592","X","Sources internationales sûres","Data from UNSD AMA"
"MK","Indicateurs macro","28","Myanmar","6129","Croissance annuelle US$","22008","Produit Intérieur Brut","2017","2017","%","2.942589","Fc","Donnée calculée",""
"MK","Indicateurs macro","147","Namibie","6110","Valeur (US $)","22008","Produit Intérieur Brut","2017","2017","millions","13566.192143","X","Sources internationales sûres","Data from UNSD AMA"
"MK","Indicateurs macro","147","Namibie","6129","Croissance annuelle US$","22008","Produit Intérieur Brut","2017","2017","%","20.201969","Fc","Donnée calculée",""
"MK","Indicateurs macro","148","Nauru","6110","Valeur (US $)","22008","Produit Intérieur Brut","2017","2017","millions","133.793883","X","Sources internationales sûres","Data from UNSD AMA"
"MK","Indicateurs macro","148","Nauru","6129","Croissance annuelle US$","22008","Produit Intérieur Brut","2017","2017","%","11.042776","Fc","Donnée calculée",""
"MK","Indicateurs macro","149","Népal","6110","Valeur (US $)","22008","Produit Intérieur Brut","2017","2017","millions","25587.453463","X","Sources internationales sûres","Data from UNSD AMA"
"MK","Indicateurs macro","149","Népal","6129","Croissance annuelle US$","22008","Produit Intérieur Brut","2017","2017","%","21.947608","Fc","Donnée calculée",""
"MK","Indicateurs macro","157","Nicaragua","6110","Valeur (US $)","22008","Produit Intérieur Brut","2017","2017","millions","13843.586679","X","Sources internationales sûres","Data from UNSD AMA"
"MK","Indicateurs macro","157","Nicaragua","6129","Croissance annuelle US$","22008","Produit Intérieur Brut","2017","2017","%","4.196068","Fc","Donnée calculée",""
"MK","Indicateurs macro","158","Niger","6110","Valeur (US $)","22008","Produit Intérieur Brut","2017","2017","millions","11170.054787","X","Sources internationales sûres","Data from UNSD AMA"
"MK","Indicateurs macro","158","Niger","6129","Croissance annuelle US$","22008","Produit Intérieur Brut","2017","2017","%","8.578767","Fc","Donnée calculée",""
"MK","Indicateurs macro","159","Nigéria","6110","Valeur (US $)","22008","Produit Intérieur Brut","2017","2017","millions","375769.719405","X","Sources internationales sûres","Data from UNSD AMA"
"MK","Indicateurs macro","159","Nigéria","6129","Croissance annuelle US$","22008","Produit Intérieur Brut","2017","2017","%","-7.136901","Fc","Donnée calculée",""
"MK","Indicateurs macro","162","Norvège","6110","Valeur (US $)","22008","Produit Intérieur Brut","2017","2017","millions","398393.955269","X","Sources internationales sûres","Data from UNSD AMA"
"MK","Indicateurs macro","162","Norvège","6129","Croissance annuelle US$","22008","Produit Intérieur Brut","2017","2017","%","8.018554","Fc","Donnée calculée",""
"MK","Indicateurs macro","153","Nouvelle-Calédonie","6110","Valeur (US $)","22008","Produit Intérieur Brut","2017","2017","millions","9458.750913","X","Sources internationales sûres","Data from UNSD AMA"
"MK","Indicateurs macro","153","Nouvelle-Calédonie","6129","Croissance annuelle US$","22008","Produit Intérieur Brut","2017","2017","%","5.075288","Fc","Donnée calculée",""
"MK","Indicateurs macro","156","Nouvelle-Zélande","6110","Valeur (US $)","22008","Produit Intérieur Brut","2017","2017","millions","205415.864858","X","Sources internationales sûres","Data from UNSD AMA"
"MK","Indicateurs macro","156","Nouvelle-Zélande","6129","Croissance annuelle US$","22008","Produit Intérieur Brut","2017","2017","%","9.133921","Fc","Donnée calculée",""
"MK","Indicateurs macro","221","Oman","6110","Valeur (US $)","22008","Produit Intérieur Brut","2017","2017","millions","79276.747592","X","Sources internationales sûres","Data from UNSD AMA"
"MK","Indicateurs macro","221","Oman","6129","Croissance annuelle US$","22008","Produit Intérieur Brut","2017","2017","%","12.29315","Fc","Donnée calculée",""
"MK","Indicateurs macro","226","Ouganda","6110","Valeur (US $)","22008","Produit Intérieur Brut","2017","2017","millions","27208.082675","X","Sources internationales sûres","Data from UNSD AMA"
"MK","Indicateurs macro","226","Ouganda","6129","Croissance annuelle US$","22008","Produit Intérieur Brut","2017","2017","%","7.019466","Fc","Donnée calculée",""
"MK","Indicateurs macro","235","Ouzbékistan","6110","Valeur (US $)","22008","Produit Intérieur Brut","2017","2017","millions","59159.9487","X","Sources internationales sûres","Data from UNSD AMA"
"MK","Indicateurs macro","235","Ouzbékistan","6129","Croissance annuelle US$","22008","Produit Intérieur Brut","2017","2017","%","-27.65877","Fc","Donnée calculée",""
"MK","Indicateurs macro","165","Pakistan","6110","Valeur (US $)","22008","Produit Intérieur Brut","2017","2017","millions","303091.943222","X","Sources internationales sûres","Data from UNSD AMA"
"MK","Indicateurs macro","165","Pakistan","6129","Croissance annuelle US$","22008","Produit Intérieur Brut","2017","2017","%","9.214046","Fc","Donnée calculée",""
"MK","Indicateurs macro","180","Palaos","6110","Valeur (US $)","22008","Produit Intérieur Brut","2017","2017","millions","286.32175","X","Sources internationales sûres","Data from UNSD AMA"
"MK","Indicateurs macro","180","Palaos","6129","Croissance annuelle US$","22008","Produit Intérieur Brut","2017","2017","%","-4.599356","Fc","Donnée calculée",""
"MK","Indicateurs macro","299","Palestine","6110","Valeur (US $)","22008","Produit Intérieur Brut","2017","2017","millions","16127.6","X","Sources internationales sûres","Data from UNSD AMA"
"MK","Indicateurs macro","299","Palestine","6129","Croissance annuelle US$","22008","Produit Intérieur Brut","2017","2017","%","4.687967","Fc","Donnée calculée",""
"MK","Indicateurs macro","166","Panama","6110","Valeur (US $)","22008","Produit Intérieur Brut","2017","2017","millions","62283.756584","X","Sources internationales sûres","Data from UNSD AMA"
"MK","Indicateurs macro","166","Panama","6129","Croissance annuelle US$","22008","Produit Intérieur Brut","2017","2017","%","7.464358","Fc","Donnée calculée",""
"MK","Indicateurs macro","168","Papouasie-Nouvelle-Guinée","6110","Valeur (US $)","22008","Produit Intérieur Brut","2017","2017","millions","22005.850365","X","Sources internationales sûres","Data from UNSD AMA"
"MK","Indicateurs macro","168","Papouasie-Nouvelle-Guinée","6129","Croissance annuelle US$","22008","Produit Intérieur Brut","2017","2017","%","2.447285","Fc","Donnée calculée",""
"MK","Indicateurs macro","169","Paraguay","6110","Valeur (US $)","22008","Produit Intérieur Brut","2017","2017","millions","39008.900667","X","Sources internationales sûres","Data from UNSD AMA"
"MK","Indicateurs macro","169","Paraguay","6129","Croissance annuelle US$","22008","Produit Intérieur Brut","2017","2017","%","8.194471","Fc","Donnée calculée",""
"MK","Indicateurs macro","150","Pays-Bas","6110","Valeur (US $)","22008","Produit Intérieur Brut","2017","2017","millions","833869.641687","X","Sources internationales sûres","Data from UNSD AMA"
"MK","Indicateurs macro","150","Pays-Bas","6129","Croissance annuelle US$","22008","Produit Intérieur Brut","2017","2017","%","6.424971","Fc","Donnée calculée",""
"MK","Indicateurs macro","170","Pérou","6110","Valeur (US $)","22008","Produit Intérieur Brut","2017","2017","millions","210715.971528","X","Sources internationales sûres","Data from UNSD AMA"
"MK","Indicateurs macro","170","Pérou","6129","Croissance annuelle US$","22008","Produit Intérieur Brut","2017","2017","%","9.799552","Fc","Donnée calculée",""
"MK","Indicateurs macro","171","Philippines","6110","Valeur (US $)","22008","Produit Intérieur Brut","2017","2017","millions","313619.624581","X","Sources internationales sûres","Data from UNSD AMA"
"MK","Indicateurs macro","171","Philippines","6129","Croissance annuelle US$","22008","Produit Intérieur Brut","2017","2017","%","2.860566","Fc","Donnée calculée",""
"MK","Indicateurs macro","173","Pologne","6110","Valeur (US $)","22008","Produit Intérieur Brut","2017","2017","millions","526376.168636","X","Sources internationales sûres","Data from UNSD AMA"
"MK","Indicateurs macro","173","Pologne","6129","Croissance annuelle US$","22008","Produit Intérieur Brut","2017","2017","%","11.511131","Fc","Donnée calculée",""
"MK","Indicateurs macro","70","Polynésie française","6110","Valeur (US $)","22008","Produit Intérieur Brut","2017","2017","millions","5685.946207","X","Sources internationales sûres","Data from UNSD AMA"
"MK","Indicateurs macro","70","Polynésie française","6129","Croissance annuelle US$","22008","Produit Intérieur Brut","2017","2017","%","4.768942","Fc","Donnée calculée",""
"MK","Indicateurs macro","177","Porto Rico","6110","Valeur (US $)","22008","Produit Intérieur Brut","2017","2017","millions","104250.2","X","Sources internationales sûres","Data from UNSD AMA"
"MK","Indicateurs macro","177","Porto Rico","6129","Croissance annuelle US$","22008","Produit Intérieur Brut","2017","2017","%","-0.082905","Fc","Donnée calculée",""
"MK","Indicateurs macro","174","Portugal","6110","Valeur (US $)","22008","Produit Intérieur Brut","2017","2017","millions","221357.874719","X","Sources internationales sûres","Data from UNSD AMA"
"MK","Indicateurs macro","174","Portugal","6129","Croissance annuelle US$","22008","Produit Intérieur Brut","2017","2017","%","7.306288","Fc","Donnée calculée",""
"MK","Indicateurs macro","179","Qatar","6110","Valeur (US $)","22008","Produit Intérieur Brut","2017","2017","millions","166928.689894","X","Sources internationales sûres","Data from UNSD AMA"
"MK","Indicateurs macro","179","Qatar","6129","Croissance annuelle US$","22008","Produit Intérieur Brut","2017","2017","%","10.015349","Fc","Donnée calculée",""
"MK","Indicateurs macro","212","République arabe syrienne","6110","Valeur (US $)","22008","Produit Intérieur Brut","2017","2017","millions","13182.092626","X","Sources internationales sûres","Data from UNSD AMA"
"MK","Indicateurs macro","212","République arabe syrienne","6129","Croissance annuelle US$","22008","Produit Intérieur Brut","2017","2017","%","6.501663","Fc","Donnée calculée",""
"MK","Indicateurs macro","37","République centrafricaine","6110","Valeur (US $)","22008","Produit Intérieur Brut","2017","2017","millions","1997.35427","X","Sources internationales sûres","Data from UNSD AMA"
"MK","Indicateurs macro","37","République centrafricaine","6129","Croissance annuelle US$","22008","Produit Intérieur Brut","2017","2017","%","10.279298","Fc","Donnée calculée",""
"MK","Indicateurs macro","117","République de Corée","6110","Valeur (US $)","22008","Produit Intérieur Brut","2017","2017","millions","1623901.466309","X","Sources internationales sûres","Data from UNSD AMA"
"MK","Indicateurs macro","117","République de Corée","6129","Croissance annuelle US$","22008","Produit Intérieur Brut","2017","2017","%","8.252047","Fc","Donnée calculée",""
"MK","Indicateurs macro","146","République de Moldova","6110","Valeur (US $)","22008","Produit Intérieur Brut","2017","2017","millions","9669.741766","X","Sources internationales sûres","Data from UNSD AMA"
"MK","Indicateurs macro","146","République de Moldova","6129","Croissance annuelle US$","22008","Produit Intérieur Brut","2017","2017","%","19.801505","Fc","Donnée calculée",""
"MK","Indicateurs macro","250","République démocratique du Congo","6110","Valeur (US $)","22008","Produit Intérieur Brut","2017","2017","millions","37642.464497","X","Sources internationales sûres","Data from UNSD AMA"
"MK","Indicateurs macro","250","République démocratique du Congo","6129","Croissance annuelle US$","22008","Produit Intérieur Brut","2017","2017","%","-6.681245","Fc","Donnée calculée",""
"MK","Indicateurs macro","120","République démocratique populaire lao","6110","Valeur (US $)","22008","Produit Intérieur Brut","2017","2017","millions","16853.104545","X","Sources internationales sûres","Data from UNSD AMA"
"MK","Indicateurs macro","120","République démocratique populaire lao","6129","Croissance annuelle US$","22008","Produit Intérieur Brut","2017","2017","%","6.626803","Fc","Donnée calculée",""
"MK","Indicateurs macro","56","République dominicaine","6110","Valeur (US $)","22008","Produit Intérieur Brut","2017","2017","millions","76011.274397","X","Sources internationales sûres","Data from UNSD AMA"
"MK","Indicateurs macro","56","République dominicaine","6129","Croissance annuelle US$","22008","Produit Intérieur Brut","2017","2017","%","5.07067","Fc","Donnée calculée",""
"MK","Indicateurs macro","116","République populaire démocratique de Corée","6110","Valeur (US $)","22008","Produit Intérieur Brut","2017","2017","millions","17364.724931","X","Sources internationales sûres","Data from UNSD AMA"
"MK","Indicateurs macro","116","République populaire démocratique de Corée","6129","Croissance annuelle US$","22008","Produit Intérieur Brut","2017","2017","%","3.446525","Fc","Donnée calculée",""
"MK","Indicateurs macro","215","République-Unie de Tanzanie","6110","Valeur (US $)","22008","Produit Intérieur Brut","2017","2017","millions","54724.041971","X","Sources internationales sûres","Data from UNSD AMA"
"MK","Indicateurs macro","215","République-Unie de Tanzanie","6129","Croissance annuelle US$","22008","Produit Intérieur Brut","2017","2017","%","7.226098","Fc","Donnée calculée",""
"MK","Indicateurs macro","183","Roumanie","6110","Valeur (US $)","22008","Produit Intérieur Brut","2017","2017","millions","211695.857898","X","Sources internationales sûres","Data from UNSD AMA"
"MK","Indicateurs macro","183","Roumanie","6129","Croissance annuelle US$","22008","Produit Intérieur Brut","2017","2017","%","12.308527","Fc","Donnée calculée",""
"MK","Indicateurs macro","229","Royaume-Uni de Grande-Bretagne et d'Irlande du Nord","6110","Valeur (US $)","22008","Produit Intérieur Brut","2017","2017","millions","2666229.179958","X","Sources internationales sûres","Data from UNSD AMA"
"MK","Indicateurs macro","229","Royaume-Uni de Grande-Bretagne et d'Irlande du Nord","6129","Croissance annuelle US$","22008","Produit Intérieur Brut","2017","2017","%","-1.041243","Fc","Donnée calculée",""
"MK","Indicateurs macro","184","Rwanda","6110","Valeur (US $)","22008","Produit Intérieur Brut","2017","2017","millions","9136.162028","X","Sources internationales sûres","Data from UNSD AMA"
"MK","Indicateurs macro","184","Rwanda","6129","Croissance annuelle US$","22008","Produit Intérieur Brut","2017","2017","%","7.800621","Fc","Donnée calculée",""
"MK","Indicateurs macro","189","Sainte-Lucie","6110","Valeur (US $)","22008","Produit Intérieur Brut","2017","2017","millions","1816.72873","X","Sources internationales sûres","Data from UNSD AMA"
"MK","Indicateurs macro","189","Sainte-Lucie","6129","Croissance annuelle US$","22008","Produit Intérieur Brut","2017","2017","%","6.766109","Fc","Donnée calculée",""
"MK","Indicateurs macro","188","Saint-Kitts-et-Nevis","6110","Valeur (US $)","22008","Produit Intérieur Brut","2017","2017","millions","996.944444","X","Sources internationales sûres","Data from UNSD AMA"
"MK","Indicateurs macro","188","Saint-Kitts-et-Nevis","6129","Croissance annuelle US$","22008","Produit Intérieur Brut","2017","2017","%","2.65431","Fc","Donnée calculée",""
"MK","Indicateurs macro","192","Saint-Marin","6110","Valeur (US $)","22008","Produit Intérieur Brut","2017","2017","millions","1528.621195","X","Sources internationales sûres","Data from UNSD AMA"
"MK","Indicateurs macro","192","Saint-Marin","6129","Croissance annuelle US$","22008","Produit Intérieur Brut","2017","2017","%","4.175944","Fc","Donnée calculée",""
"MK","Indicateurs macro","191","Saint-Vincent-et-les Grenadines","6110","Valeur (US $)","22008","Produit Intérieur Brut","2017","2017","millions","792.177778","X","Sources internationales sûres","Data from UNSD AMA"
"MK","Indicateurs macro","191","Saint-Vincent-et-les Grenadines","6129","Croissance annuelle US$","22008","Produit Intérieur Brut","2017","2017","%","2.29177","Fc","Donnée calculée",""
"MK","Indicateurs macro","244","Samoa","6110","Valeur (US $)","22008","Produit Intérieur Brut","2017","2017","millions","824.532614","X","Sources internationales sûres","Data from UNSD AMA"
"MK","Indicateurs macro","244","Samoa","6129","Croissance annuelle US$","22008","Produit Intérieur Brut","2017","2017","%","0.352359","Fc","Donnée calculée",""
"MK","Indicateurs macro","193","Sao Tomé-et-Principe","6110","Valeur (US $)","22008","Produit Intérieur Brut","2017","2017","millions","365.493009","X","Sources internationales sûres","Data from UNSD AMA"
"MK","Indicateurs macro","193","Sao Tomé-et-Principe","6129","Croissance annuelle US$","22008","Produit Intérieur Brut","2017","2017","%","8.273411","Fc","Donnée calculée",""
"MK","Indicateurs macro","195","Sénégal","6110","Valeur (US $)","22008","Produit Intérieur Brut","2017","2017","millions","20939.966699","X","Sources internationales sûres","Data from UNSD AMA"
"MK","Indicateurs macro","195","Sénégal","6129","Croissance annuelle US$","22008","Produit Intérieur Brut","2017","2017","%","9.977013","Fc","Donnée calculée",""
"MK","Indicateurs macro","272","Serbie","6110","Valeur (US $)","22008","Produit Intérieur Brut","2017","2017","millions","44120.444864","X","Sources internationales sûres","Data from UNSD AMA"
"MK","Indicateurs macro","272","Serbie","6129","Croissance annuelle US$","22008","Produit Intérieur Brut","2017","2017","%","8.58971","Fc","Donnée calculée",""
"MK","Indicateurs macro","196","Seychelles","6110","Valeur (US $)","22008","Produit Intérieur Brut","2017","2017","millions","1503.197143","X","Sources internationales sûres","Data from UNSD AMA"
"MK","Indicateurs macro","196","Seychelles","6129","Croissance annuelle US$","22008","Produit Intérieur Brut","2017","2017","%","5.297144","Fc","Donnée calculée",""
"MK","Indicateurs macro","197","Sierra Leone","6110","Valeur (US $)","22008","Produit Intérieur Brut","2017","2017","millions","3739.051196","X","Sources internationales sûres","Data from UNSD AMA"
"MK","Indicateurs macro","197","Sierra Leone","6129","Croissance annuelle US$","22008","Produit Intérieur Brut","2017","2017","%","-3.201634","Fc","Donnée calculée",""
"MK","Indicateurs macro","200","Singapour","6110","Valeur (US $)","22008","Produit Intérieur Brut","2017","2017","millions","336678.892771","X","Sources internationales sûres","Data from UNSD AMA"
"MK","Indicateurs macro","200","Singapour","6129","Croissance annuelle US$","22008","Produit Intérieur Brut","2017","2017","%","6.356258","Fc","Donnée calculée",""
"MK","Indicateurs macro","280","Sint Maarten (partie néerlandaise)","6110","Valeur (US $)","22008","Produit Intérieur Brut","2017","2017","millions","1043","X","Sources internationales sûres","Data from UNSD AMA"
"MK","Indicateurs macro","280","Sint Maarten (partie néerlandaise)","6129","Croissance annuelle US$","22008","Produit Intérieur Brut","2017","2017","%","-2.711308","Fc","Donnée calculée",""
"MK","Indicateurs macro","199","Slovaquie","6110","Valeur (US $)","22008","Produit Intérieur Brut","2017","2017","millions","95477.26964","X","Sources internationales sûres","Data from UNSD AMA"
"MK","Indicateurs macro","199","Slovaquie","6129","Croissance annuelle US$","22008","Produit Intérieur Brut","2017","2017","%","6.511022","Fc","Donnée calculée",""
"MK","Indicateurs macro","198","Slovénie","6110","Valeur (US $)","22008","Produit Intérieur Brut","2017","2017","millions","48561.672401","X","Sources internationales sûres","Data from UNSD AMA"
"MK","Indicateurs macro","198","Slovénie","6129","Croissance annuelle US$","22008","Produit Intérieur Brut","2017","2017","%","8.757","Fc","Donnée calculée",""
"MK","Indicateurs macro","201","Somalie","6110","Valeur (US $)","22008","Produit Intérieur Brut","2017","2017","millions","1497.300283","X","Sources internationales sûres","Data from UNSD AMA"
"MK","Indicateurs macro","201","Somalie","6129","Croissance annuelle US$","22008","Produit Intérieur Brut","2017","2017","%","4.042291","Fc","Donnée calculée",""
"MK","Indicateurs macro","276","Soudan","6110","Valeur (US $)","22008","Produit Intérieur Brut","2017","2017","millions","124021.599914","X","Sources internationales sûres","Data from UNSD AMA"
"MK","Indicateurs macro","276","Soudan","6129","Croissance annuelle US$","22008","Produit Intérieur Brut","2017","2017","%","38.306747","Fc","Donnée calculée",""
"MK","Indicateurs macro","277","Soudan du Sud","6110","Valeur (US $)","22008","Produit Intérieur Brut","2017","2017","millions","7620.963066","X","Sources internationales sûres","Data from UNSD AMA"
"MK","Indicateurs macro","277","Soudan du Sud","6129","Croissance annuelle US$","22008","Produit Intérieur Brut","2017","2017","%","12.326561","Fc","Donnée calculée",""
"MK","Indicateurs macro","38","Sri Lanka","6110","Valeur (US $)","22008","Produit Intérieur Brut","2017","2017","millions","88019.695921","X","Sources internationales sûres","Data from UNSD AMA"
"MK","Indicateurs macro","38","Sri Lanka","6129","Croissance annuelle US$","22008","Produit Intérieur Brut","2017","2017","%","6.818652","Fc","Donnée calculée",""
"MK","Indicateurs macro","210","Suède","6110","Valeur (US $)","22008","Produit Intérieur Brut","2017","2017","millions","540545.236388","X","Sources internationales sûres","Data from UNSD AMA"
"MK","Indicateurs macro","210","Suède","6129","Croissance annuelle US$","22008","Produit Intérieur Brut","2017","2017","%","4.808752","Fc","Donnée calculée",""
"MK","Indicateurs macro","211","Suisse","6110","Valeur (US $)","22008","Produit Intérieur Brut","2017","2017","millions","679950.482029","X","Sources internationales sûres","Data from UNSD AMA"
"MK","Indicateurs macro","211","Suisse","6129","Croissance annuelle US$","22008","Produit Intérieur Brut","2017","2017","%","1.287229","Fc","Donnée calculée",""
"MK","Indicateurs macro","207","Suriname","6110","Valeur (US $)","22008","Produit Intérieur Brut","2017","2017","millions","3210.020005","X","Sources internationales sûres","Data from UNSD AMA"
"MK","Indicateurs macro","207","Suriname","6129","Croissance annuelle US$","22008","Produit Intérieur Brut","2017","2017","%","2.589448","Fc","Donnée calculée",""
"MK","Indicateurs macro","208","Tadjikistan","6110","Valeur (US $)","22008","Produit Intérieur Brut","2017","2017","millions","7157.830305","X","Sources internationales sûres","Data from UNSD AMA"
"MK","Indicateurs macro","208","Tadjikistan","6129","Croissance annuelle US$","22008","Produit Intérieur Brut","2017","2017","%","2.950364","Fc","Donnée calculée",""
"MK","Indicateurs macro","39","Tchad","6110","Valeur (US $)","22008","Produit Intérieur Brut","2017","2017","millions","10394.020227","X","Sources internationales sûres","Data from UNSD AMA"
"MK","Indicateurs macro","39","Tchad","6129","Croissance annuelle US$","22008","Produit Intérieur Brut","2017","2017","%","0.015032","Fc","Donnée calculée",""
"MK","Indicateurs macro","167","Tchéquie","6110","Valeur (US $)","22008","Produit Intérieur Brut","2017","2017","millions","215913.545038","X","Sources internationales sûres","Data from UNSD AMA"
"MK","Indicateurs macro","167","Tchéquie","6129","Croissance annuelle US$","22008","Produit Intérieur Brut","2017","2017","%","10.67366","Fc","Donnée calculée",""
"MK","Indicateurs macro","216","Thaïlande","6110","Valeur (US $)","22008","Produit Intérieur Brut","2017","2017","millions","455275.339459","X","Sources internationales sûres","Data from UNSD AMA"
"MK","Indicateurs macro","216","Thaïlande","6129","Croissance annuelle US$","22008","Produit Intérieur Brut","2017","2017","%","10.409129","Fc","Donnée calculée",""
"MK","Indicateurs macro","176","Timor-Leste","6110","Valeur (US $)","22008","Produit Intérieur Brut","2017","2017","millions","2487.269437","X","Sources internationales sûres","Data from UNSD AMA"
"MK","Indicateurs macro","176","Timor-Leste","6129","Croissance annuelle US$","22008","Produit Intérieur Brut","2017","2017","%","-0.649589","Fc","Donnée calculée",""
"MK","Indicateurs macro","217","Togo","6110","Valeur (US $)","22008","Produit Intérieur Brut","2017","2017","millions","4631.639952","X","Sources internationales sûres","Data from UNSD AMA"
"MK","Indicateurs macro","217","Togo","6129","Croissance annuelle US$","22008","Produit Intérieur Brut","2017","2017","%","3.224015","Fc","Donnée calculée",""
"MK","Indicateurs macro","219","Tonga","6110","Valeur (US $)","22008","Produit Intérieur Brut","2017","2017","millions","492.40682","X","Sources internationales sûres","Data from UNSD AMA"
"MK","Indicateurs macro","219","Tonga","6129","Croissance annuelle US$","22008","Produit Intérieur Brut","2017","2017","%","16.832899","Fc","Donnée calculée",""
"MK","Indicateurs macro","220","Trinité-et-Tobago","6110","Valeur (US $)","22008","Produit Intérieur Brut","2017","2017","millions","22474.742028","X","Sources internationales sûres","Data from UNSD AMA"
"MK","Indicateurs macro","220","Trinité-et-Tobago","6129","Croissance annuelle US$","22008","Produit Intérieur Brut","2017","2017","%","0.851912","Fc","Donnée calculée",""
"MK","Indicateurs macro","222","Tunisie","6110","Valeur (US $)","22008","Produit Intérieur Brut","2017","2017","millions","39813.043886","X","Sources internationales sûres","Data from UNSD AMA"
"MK","Indicateurs macro","222","Tunisie","6129","Croissance annuelle US$","22008","Produit Intérieur Brut","2017","2017","%","-4.758163","Fc","Donnée calculée",""
"MK","Indicateurs macro","213","Turkménistan","6110","Valeur (US $)","22008","Produit Intérieur Brut","2017","2017","millions","37915.175476","X","Sources internationales sûres","Data from UNSD AMA"
"MK","Indicateurs macro","213","Turkménistan","6129","Croissance annuelle US$","22008","Produit Intérieur Brut","2017","2017","%","4.826581","Fc","Donnée calculée",""
"MK","Indicateurs macro","223","Turquie","6110","Valeur (US $)","22008","Produit Intérieur Brut","2017","2017","millions","852669.15047","X","Sources internationales sûres","Data from UNSD AMA"
"MK","Indicateurs macro","223","Turquie","6129","Croissance annuelle US$","22008","Produit Intérieur Brut","2017","2017","%","-1.278501","Fc","Donnée calculée",""
"MK","Indicateurs macro","227","Tuvalu","6110","Valeur (US $)","22008","Produit Intérieur Brut","2017","2017","millions","43.912497","X","Sources internationales sûres","Data from UNSD AMA"
"MK","Indicateurs macro","227","Tuvalu","6129","Croissance annuelle US$","22008","Produit Intérieur Brut","2017","2017","%","11.042958","Fc","Donnée calculée",""
"MK","Indicateurs macro","230","Ukraine","6110","Valeur (US $)","22008","Produit Intérieur Brut","2017","2017","millions","112190.328583","X","Sources internationales sûres","Data from UNSD AMA"
"MK","Indicateurs macro","230","Ukraine","6129","Croissance annuelle US$","22008","Produit Intérieur Brut","2017","2017","%","20.174907","Fc","Donnée calculée",""
"MK","Indicateurs macro","234","Uruguay","6110","Valeur (US $)","22008","Produit Intérieur Brut","2017","2017","millions","59530.101407","X","Sources internationales sûres","Data from UNSD AMA"
"MK","Indicateurs macro","234","Uruguay","6129","Croissance annuelle US$","22008","Produit Intérieur Brut","2017","2017","%","12.98693","Fc","Donnée calculée",""
"MK","Indicateurs macro","155","Vanuatu","6110","Valeur (US $)","22008","Produit Intérieur Brut","2017","2017","millions","880.046992","X","Sources internationales sûres","Data from UNSD AMA"
"MK","Indicateurs macro","155","Vanuatu","6129","Croissance annuelle US$","22008","Produit Intérieur Brut","2017","2017","%","9.413919","Fc","Donnée calculée",""
"MK","Indicateurs macro","236","Venezuela (République bolivarienne du)","6110","Valeur (US $)","22008","Produit Intérieur Brut","2017","2017","millions","248029.436649","X","Sources internationales sûres","Data from UNSD AMA"
"MK","Indicateurs macro","236","Venezuela (République bolivarienne du)","6129","Croissance annuelle US$","22008","Produit Intérieur Brut","2017","2017","%","-14.082979","Fc","Donnée calculée",""
"MK","Indicateurs macro","237","Viet Nam","6110","Valeur (US $)","22008","Produit Intérieur Brut","2017","2017","millions","223779.866149","X","Sources internationales sûres","Data from UNSD AMA"
"MK","Indicateurs macro","237","Viet Nam","6129","Croissance annuelle US$","22008","Produit Intérieur Brut","2017","2017","%","9.014049","Fc","Donnée calculée",""
"MK","Indicateurs macro","249","Yémen","6110","Valeur (US $)","22008","Produit Intérieur Brut","2017","2017","millions","24152.03881","X","Sources internationales sûres","Data from UNSD AMA"
"MK","Indicateurs macro","249","Yémen","6129","Croissance annuelle US$","22008","Produit Intérieur Brut","2017","2017","%","-2.386834","Fc","Donnée calculée",""
"MK","Indicateurs macro","251","Zambie","6110","Valeur (US $)","22008","Produit Intérieur Brut","2017","2017","millions","25868.138215","X","Sources internationales sûres","Data from UNSD AMA"
"MK","Indicateurs macro","251","Zambie","6129","Croissance annuelle US$","22008","Produit Intérieur Brut","2017","2017","%","20.582405","Fc","Donnée calculée",""
"MK","Indicateurs macro","181","Zimbabwe","6110","Valeur (US $)","22008","Produit Intérieur Brut","2017","2017","millions","22040.902301","X","Sources internationales sûres","Data from UNSD AMA"
"MK","Indicateurs macro","181","Zimbabwe","6129","Croissance annuelle US$","22008","Produit Intérieur Brut","2017","2017","%","7.261899","Fc","Donnée calculée",""
